ticker,name,매출액(억원),영업이익(억원),당기순이익(억원),영업이익률(%),순이익률(%),ROE(지배주주%),부채비율(%),당좌비율(%),유보율(%),EPS(원),PER(배),BPS(원),PBR(배),주당배당금(원),시가배당률(%),배당성향(%)
005930,삼성전자,"3,054,876","463,279","371,012",15.17,12.14,11.67,39.92(21),196.75(21),"33,143.62(21)","5,374",10.29,"48,462",1.14,"1,521",1.84(21),25.00(21)
373220,LG에너지솔루션,"251,891","14,273","9,004",5.67,3.57,6.50,(21),(21),(21),"3,622",122.58,"76,516",5.80,24,-,-
000660,SK하이닉스,"450,663","75,122","50,179",16.67,11.13,7.51,54.98(21),99.92(21),"1,643.64(21)","6,636",13.79,"96,591",0.95,"1,446",1.18(21),11.03(21)
207940,삼성바이오로직스,"27,487","9,093","6,102",33.08,22.20,10.26,59.68(21),80.95(21),"2,922.69(21)","8,815",90.76,"98,707",8.10,-,-,-(21)
051910,LG화학,"527,186","33,343","27,163",6.33,5.15,9.32,120.32(21),80.50(21),"5,311.19(21)","31,091",22.03,"389,904",1.76,"10,375",1.95(21),25.49(21)
006400,삼성SDI,"200,310","18,764","19,672",9.37,9.82,11.91,69.99(21),76.72(21),"3,789.74(21)","26,649",25.78,"251,247",2.73,"1,109",0.15(21),5.72(21)
005380,현대차,"1,419,898","94,490","88,282",6.65,6.22,10.11,183.17(21),45.68(21),"5,187.27(21)","28,876",5.70,"318,332",0.52,"5,618",2.39(21),26.32(21)
035420,NAVER,"81,750","13,142","8,206",16.08,10.04,3.86,40.22(21),128.35(21),"149,081.45(21)","5,589",37.84,"159,933",1.32,945,0.14(21),0.46(21)
035720,카카오,"72,361","5,858","16,377",8.10,22.63,14.13,67.62(21),146.88(21),"21,260.57(21)","3,416",19.67,"26,451",2.54,53,0.05(21),1.65(21)
000270,기아,"868,933","69,526","54,129",8.00,6.23,14.51,91.48(21),95.75(21),"1,561.65(21)","13,391",4.80,"99,950",0.64,"3,305",3.65(21),25.27(21)
005490,POSCO홀딩스,"851,486","58,272","46,926",6.84,5.51,8.00,66.90(21),148.59(21),"10,970.25(21)","48,476",6.29,"713,264",0.43,"14,346",6.19(21),19.43(21)
105560,KB금융,"589,176(21)","60,717","47,460",10.35(21),7.44(21),9.90,"1,274.70(21)",(21),"2,264.45(21)","11,557",4.92,"124,636",0.46,"3,272",5.35(21),25.98(21)
068270,셀트리온,"23,854","7,604","6,201",31.88,26.00,14.95,40.09(21),206.23(21),"2,833.54(21)","4,222",40.05,"30,297",5.58,780,-,17.68(21)
028260,삼성물산,"435,744","24,810","23,808",5.69,5.46,6.82,65.64(21),82.63(21),"106,252.66(21)","10,760",11.22,"177,762",0.68,"3,025",3.53(21),42.37(21)
055550,신한지주,"286,756(21)","63,087","49,677",20.76(21),14.34(21),10.20,"1,208.38(21)",(21),"1,589.78(21)","9,247",4.50,"93,049",0.45,"2,384",5.33(21),26.04(21)
012330,현대모비스,"504,123","20,141","27,115",4.00,5.38,7.40,45.61(21),124.97(21),"7,346.53(21)","28,649",7.31,"412,783",0.51,"4,341",1.57(21),15.51(21)
003670,포스코케미칼,"35,486","2,323","2,169",6.55,6.11,8.27,60.86(21),59.28(21),"6,069.07(21)","2,682",68.80,"34,040",5.42,318,0.21(21),17.32(21)
066570,LG전자,"844,421","39,340","21,894",4.66,2.59,9.10,166.10(21),71.71(21),"1,933.04(21)","9,331",9.27,"110,232",0.78,966,0.62(21),14.92(21)
096770,SK이노베이션,"797,374","52,261","27,567",6.55,3.46,12.90,152.42(21),93.89(21),"3,822.01(21)","25,796",6.67,"235,841",0.73,"1,567",1.05(21),66.37(21)
086790,하나금융지주,"416,778(21)","49,240","37,685",11.11(21),8.59(21),10.48,"1,315.37(21)",(21),"2,284.70(21)","12,493",3.89,"125,748",0.39,"3,361",7.37(21),25.63(21)
034730,SK,"1,342,898","103,027","75,792",7.67,5.64,11.92,152.24(21),82.30(21),"138,287.27(21)","36,594",5.48,"441,807",0.45,"8,198",3.19(21),22.72(21)
032830,삼성생명,"170,172","3,909","12,303",2.30,7.23,3.87,761.52(21),(21),"41,635.74(21)","5,796",12.53,"122,740",0.59,"2,855",4.68(21),36.66(21)
323410,카카오뱅크,"10,649(21)","3,977","2,843",24.13(21),19.17(21),5.03,552.74(21),(21),132.40(21),597,48.31,"12,131",2.38,-,-,-(21)
015760,한국전력,"709,093","-308,907","-234,567",-43.56,-33.08,-45.09,223.23(21),42.63(21),"1,474.28(21)","-36,817",-0.53,"63,975",0.30,-,-,-
003550,LG,"73,174","22,405","26,372",30.62,36.04,10.68,17.00(21),151.60(21),"2,727.61(21)","15,688",5.21,"163,585",0.50,"3,100",3.46(21),17.50(21)
033780,KT&G,"57,828","13,484","12,424",23.32,21.49,13.11,26.37(21),140.18(21),951.22(21),"9,059",10.24,"84,463",1.10,"4,978",6.08(21),58.93(21)
051900,LG생활건강,"73,137","7,358","4,624",10.06,6.32,8.07,37.42(21),96.49(21),"6,300.24(21)","25,025",30.33,"334,149",2.27,"10,303",1.09(21),23.82(21)
010130,고려아연,"111,263","9,992","6,819",8.98,6.13,8.40,28.83(21),78.15(21),"8,029.37(21)","34,540",16.50,"413,785",1.38,"20,182",3.91(21),43.81(21)
011200,HMM,"183,729","98,623","99,695",53.68,54.26,64.89,72.58(21),310.18(21),212.90(21),"20,069",1.13,"40,673",0.56,"1,296",-,5.50(21)
009150,삼성전기,"95,559","12,287","9,801",12.86,10.26,13.50,44.68(21),116.42(21),"1,510.49(21)","12,434",11.90,"100,341",1.47,"2,202",1.06(21),17.79(21)
034020,두산에너빌리티,"136,920","9,830","5,290",7.18,3.86,6.45,169.32(21),60.37(21),98.61(21),655,25.18,"10,180",1.62,-,-,-(21)
017670,SK텔레콤,"173,051","16,574","9,198",9.58,5.32,7.60,150.59(21),87.03(21),"79,389.83(21)","4,027",11.51,"53,313",0.87,"3,379",4.59(21),29.78(21)
036570,엔씨소프트,"25,812","5,881","5,505",22.78,21.33,16.87,45.40(21),159.95(21),"31,929.17(21)","25,154",18.76,"167,328",2.82,"6,706",0.91(21),29.98(21)
010950,S-Oil,"422,528","36,678","22,267",8.68,5.27,28.05,167.50(21),56.68(21),"2,286.44(21)","18,777",4.85,"74,075",1.23,"6,084",4.43(21),32.10(21)
018260,삼성에스디에스,"169,644","9,377","10,012",5.53,5.90,12.67,41.29(21),317.75(21),"19,086.39(21)","12,565",9.75,"104,992",1.17,"2,729",1.53(21),30.37(21)
329180,현대중공업,"91,994","-2,849","-1,853",-3.10,-2.01,-3.38,169.55(21),58.82(21),962.02(21),"-2,109",-53.19,"61,720",1.82,-,-,-
000810,삼성화재,"244,443(21)","15,069(21)","11,930",6.16(21),4.60(21),8.88,512.78(21),(21),"64,024.08(21)","23,513",8.91,"266,011",0.79,"12,909",5.94(21),45.46(21)
316140,우리금융지주,"271,910(21)","44,240","33,262",13.46(21),10.32(21),11.67,"1,450.02(21)",(21),692.63(21),"4,341",2.88,"38,928",0.32,"1,119",7.09(21),25.29(21)
030200,KT,"256,309","17,274","12,973",6.74,5.06,7.53,124.30(21),101.16(21),941.37(21),"4,452",7.70,"62,127",0.55,"2,063",6.24(21),33.19(21)
259960,크래프톤,"18,411","7,150","7,539",38.83,40.95,14.83,22.28(21),572.52(21),"89,793.21(21)","15,366",12.15,"118,456",1.58,-,-,-
003490,대한항공,"139,811","29,218","18,731",20.90,13.40,24.59,288.48(21),65.19(21),232.63(21),"5,232",4.56,"23,213",1.03,8,-,-
009830,한화솔루션,"133,195","11,000","6,649",8.26,4.99,7.53,143.96(21),64.56(21),721.16(21),"3,356",13.86,"47,393",0.98,14,-,-
377300,카카오페이,"5,311",-475,-309,-8.94,-5.82,-0.27,91.17(21),271.42(21),"2,451.26(21)",-35,"-1,892.45","12,728",5.16,-,-,-(21)
090430,아모레퍼시픽,"41,511","2,015","1,226",4.85,2.95,2.70,28.93(21),89.02(21),"13,710.55(21)","1,876",78.59,"69,973",2.11,802,0.59(21),34.92(21)
024110,기업은행,"174,917(21)","36,769","27,276",18.47(21),13.87(21),9.74,"1,345.75(21)",(21),553.80(21),"3,408",2.97,"37,749",0.27,880,7.57(21),25.78(21)
352820,하이브,"16,952","2,389","2,612",14.09,15.40,8.55,63.82(21),216.01(21),"13,180.02(21)","6,195",31.57,"76,941",2.54,-,-,-(21)
086280,현대글로비스,"272,691","18,196","12,115",6.67,4.44,19.00,109.39(21),136.10(21),"30,792.34(21)","32,274",5.68,"185,080",0.99,"4,117",2.26(21),18.20(21)
011070,LG이노텍,"195,763","15,328","10,814",7.83,5.52,27.62,133.58(21),80.19(21),"2,688.76(21)","45,048",6.13,"186,240",1.48,"3,372",0.82(21),7.99(21)
011170,롯데케미칼,"224,089","-4,893",591,-2.18,0.26,0.57,48.01(21),119.15(21),"8,276.05(21)","2,323",75.35,"414,643",0.42,"1,729",3.82(21),21.14(21)
302440,SK바이오사이언스,"4,835","1,569","1,332",32.45,27.55,7.96,31.77(21),370.20(21),"4,084.63(21)","1,736",45.44,"22,736",3.47,-,-,-
326030,SK바이오팜,"2,552","-1,097","-1,150",-42.96,-45.04,-29.82,44.91(21),282.72(21),"1,010.57(21)","-1,485",-48.68,"4,289",16.86,-,-,-
000060,메리츠화재,"118,614(21)","9,076(21)","6,609(21)",7.65(21),5.57(21),26.12(21),"1,056.04(21)",(21),"4,389.04(21)","5,471(21)",6.13(21),"22,115(21)",1.52(21),620(21),1.85(21),10.15(21)
383220,F&F,"18,796","5,665","4,229",30.14,22.50,60.07,176.06(21),21.72(21),"11,022.55(21)","11,049",13.30,"22,592",6.51,"1,554",-,-
138040,메리츠금융지주,"356,499(21)","21,677","16,340",5.05(21),3.88(21),28.65,"1,091.74(21)",(21),"9,717.30(21)","8,034",5.30,"29,521",1.44,90,0.48(21),3.35(21)
009540,한국조선해양,"179,455","-3,878",647,-2.16,0.36,0.56,119.86(21),66.38(21),"4,766.69(21)",769,107.91,"137,429",0.60,-,-,-
402340,SK스퀘어,"50,817","8,639","9,743",17.00,19.17,5.42,34.31(21),107.34(21),"51,465.72(21)","6,576",5.57,"124,975",0.29,-,-,-
097950,CJ제일제당,"302,378","17,541","9,055",5.80,3.00,10.44,148.51(21),61.09(21),"7,393.50(21)","42,106",8.28,"442,814",0.79,"5,659",1.29(21),13.08(21)
251270,넷마블,"26,786","-1,049","-4,693",-3.92,-17.52,-7.61,77.50(21),61.37(21),"71,333.18(21)","-4,987",-12.75,"66,727",0.95,456,-,18.01(21)
035250,강원랜드,"12,962","2,587","1,607",19.96,12.39,4.66,17.66(21),270.31(21),"3,103.60(21)",723,31.82,"16,698",1.38,472,-,-
018880,한온시스템,"85,276","2,592","1,398",3.04,1.64,5.68,232.45(21),97.00(21),"4,416.20(21)",249,38.49,"4,393",2.19,361,2.68(21),62.27(21)
032640,LG유플러스,"139,422","10,253","6,591",7.35,4.73,8.29,143.39(21),64.09(21),202.06(21),"1,498",7.57,"18,854",0.60,649,4.04(21),33.35(21)
361610,SK아이이테크놀로지,"5,884",-501,-465,-8.52,-7.90,-2.25,43.69(21),228.99(21),"3,006.86(21)",-692,-104.18,"30,540",2.36,-,-,-
267250,HD현대,"607,560","36,842","25,200",6.06,4.15,21.30,201.29(21),62.33(21),"8,515.69(21)","18,567",3.24,"105,500",0.57,"4,150",10.34(21),-296.46(21)
271560,오리온,"27,919","4,588","3,371",16.43,12.07,13.69,36.11(21),172.20(21),"7,312.90(21)","8,308",14.84,"65,470",1.88,794,0.72(21),11.50(21)
034220,LG디스플레이,"263,803","-18,856","-18,549",-7.15,-7.03,-14.71,158.46(21),70.22(21),603.25(21),"-5,099",-2.59,"32,663",0.40,354,2.64(21),19.61(21)
004020,현대제철,"274,566","19,903","13,332",7.25,4.86,7.12,102.86(21),68.37(21),"2,437.63(21)","9,817",3.64,"143,903",0.25,988,2.44(21),9.00(21)
028050,삼성엔지니어링,"96,718","6,485","5,268",6.71,5.45,23.09,209.04(21),97.36(21),100.99(21),"2,704",9.10,"13,209",1.86,38,-(21),-(21)
005830,DB손해보험,"208,806(21)","11,084(21)","9,620",5.31(21),4.18(21),15.44,861.78(21),(21),"19,349.04(21)","13,517",4.79,"95,897",0.68,"4,296",6.48(21),24.17(21)
047810,한국항공우주,"27,833","1,496","1,505",5.37,5.41,11.55,351.29(21),77.32(21),164.79(21),"1,580",30.66,"14,330",3.38,269,0.62(21),30.51(21)
010140,삼성중공업,"59,982","-6,187","-4,576",-10.31,-7.63,-11.61,196.26(21),32.92(21),469.56(21),-520,-11.22,"4,423",1.32,-,-,-
000720,현대건설,"207,695","6,697","7,390",3.23,3.56,8.14,108.26(21),180.89(21),"1,198.84(21)","5,467",6.86,"70,112",0.53,621,1.35(21),16.56(21)
078930,GS,"287,472","52,088","30,525",18.12,10.62,22.76,119.61(21),69.12(21),"2,708.44(21)","27,993",1.54,"137,396",0.31,"2,175",5.12(21),13.07(21)
011780,금호석유,"81,402","12,257","10,273",15.06,12.62,18.90,59.67(21),112.68(21),"2,952.02(21)","31,115",4.71,"214,295",0.68,"6,433",6.02(21),14.29(21)
006800,미래에셋증권,"239,430","9,435","7,116",3.94,2.97,6.49,923.96(21),(21),170.58(21),902,7.58,"17,726",0.39,196,3.47(21),16.32(21)
000100,유한양행,"17,995",356,769,1.98,4.28,4.09,27.27(21),188.33(21),"2,687.89(21)","1,025",51.99,"27,542",1.94,367,0.61(21),25.42(21)
008560,메리츠증권,"232,474(21)","10,250","8,090",4.08(21),3.37(21),15.77(21),914.32(21),(21),621.09(21),"1,166",5.68,"8,360(21)",0.62(21),100,1.94(21),9.29(21)
161390,한국타이어앤테크놀로지,"83,086","6,824","7,915",8.21,9.53,9.12,42.64(21),166.70(21),"13,180.13(21)","6,298",5.35,"73,327",0.46,700,1.76(21),14.28(21)
047050,포스코인터내셔널,"339,489(21)","5,854(21)","3,565(21)",1.72(21),1.05(21),10.86(21),206.67(21),92.62(21),462.13(21),"2,924(21)",7.68(21),"28,259(21)",0.79(21),800(21),3.56(21),27.36(21)
021240,코웨이,"38,888","6,766","4,952",17.40,12.73,23.82,99.57(21),67.39(21),"4,685.25(21)","6,697",8.42,"30,906",1.82,"1,297",1.68(21),19.48(21)
012450,한화에어로스페이스,"64,544","3,496","2,245",5.42,3.48,7.81,180.95(21),106.40(21),843.51(21),"4,541",17.93,"59,224",1.37,580,-,14.01(21)
011790,SKC,"37,549","3,140","2,418",8.36,6.44,8.56,170.78(21),75.65(21),999.44(21),"4,896",20.06,"68,605",1.43,"1,035",0.63(21),17.87(21)
241560,두산밥캣,"82,020","10,223","5,388",12.46,6.57,11.75,98.57(21),98.70(21),"9,238.40(21)","5,373",6.56,"48,348",0.73,"1,275",2.94(21),31.17(21)
029780,삼성카드,"39,768","7,422","5,569",18.66,14.00,8.88,261.28(21),(21),"1,187.77(21)","4,864",6.35,"48,552",0.64,"2,467",7.30(21),44.54(21)
071050,한국금융지주,"137,861(21)","8,260","6,926",11.03(21),12.80(21),9.10,"1,004.41(21)",(21),"2,328.63(21)","11,280",5.62,"134,851",0.47,"2,560",7.62(21),20.37(21)
004990,롯데지주,"137,615","5,070","3,635",3.68,2.64,4.01,106.89(21),79.86(21),"44,037.03(21)","2,690",11.88,"100,683",0.32,"1,500",5.02(21),34.78(21)
002790,아모레G,"44,522","2,505","1,938",5.63,4.35,3.17,24.13(21),126.03(21),"7,200.87(21)","1,101",35.83,"37,356",1.06,414,1.01(21),23.30(21)
128940,한미약품,"13,434","1,592","1,075",11.85,8.00,10.46,108.64(21),69.45(21),"2,682.80(21)","7,101",37.18,"72,533",3.64,489,0.18(21),8.94(21)
028670,팬오션,"64,855","8,047","7,122",12.41,10.98,17.23,80.40(21),96.10(21),522.56(21),"1,332",4.60,"8,739",0.70,112,1.85(21),9.73(21)
008770,호텔신라,"50,000","1,121",449,2.24,0.90,7.51,360.47(21),45.60(21),242.58(21),"1,118",74.06,"16,224",5.10,204,0.26(21),28.11(21)
005940,NH투자증권,"154,280","5,186","3,052",3.36,1.98,4.52,757.97(21),(21),324.87(21),925,10.32,"20,773",0.46,461,8.40(21),35.63(21)
010620,현대미포조선,"36,494",-374,927,-1.03,2.54,4.29,75.94(21),54.62(21),859.07(21),"2,381",33.93,"56,853",1.42,62,-,-
016360,삼성증권,"171,390","6,803","5,033",3.97,2.94,8.21,980.55(21),(21),"1,226.33(21)","5,665",6.24,"69,944",0.51,"2,167",8.46(21),35.15(21)
282330,BGF리테일,"76,042","2,626","1,963",3.45,2.58,22.21,220.81(21),68.85(21),"4,439.53(21)","11,332",16.85,"55,268",3.45,"3,307",2.06(21),35.10(21)
064350,현대로템,"31,611","1,365",937,4.32,2.96,7.25,223.85(21),47.66(21),86.41(21),889,32.38,"12,686",2.27,-,-,-
137310,에스디바이오센서,"29,928","13,402","13,195",44.78,44.09,47.56,36.39(21),200.44(21),"4,298.27(21)","12,761",2.30,"32,858",0.89,"1,384",-,12.03(21)
139480,이마트,"294,018","1,853","9,020",0.63,3.07,8.35,151.95(21),31.70(21),"6,352.86(21)","31,941",3.30,"412,693",0.26,"1,929",1.32(21),3.54(21)
036460,한국가스공사,"495,809","18,585","10,852",3.75,2.19,11.42,378.87(21),68.11(21),"1,777.35(21)","11,566",2.82,"114,546",0.28,"1,376",6.98(21),24.63(21)
001450,현대해상,"188,422(21)","6,393(21)","5,730",3.39(21),2.30(21),12.01,954.67(21),(21),"11,255.03(21)","6,409",5.02,"57,872",0.56,"1,755",6.45(21),26.83(21)
003410,쌍용C&E,"19,177","1,611",834,8.40,4.35,5.15,115.33(21),69.12(21),"3,324.22(21)",166,34.85,"3,156",1.83,440,5.71(21),118.85(21)
112610,씨에스윈드,"14,138",763,200,5.39,1.41,2.72,87.36(21),126.08(21),"4,102.94(21)",581,114.81,"21,874",3.05,551,0.91(21),38.22(21)
020150,일진머티리얼즈,"7,943",984,711,12.39,8.95,6.11,29.96(21),299.36(21),"4,137.52(21)","1,486",43.46,"27,199",2.38,300,0.22(21),22.04(21)
007070,GS리테일,"111,676","2,175","1,017",1.95,0.91,2.66,114.21(21),39.34(21),"3,875.77(21)","1,033",27.40,"39,697",0.71,995,3.95(21),15.04(21)
180640,한진칼,"2,020",160,"8,470",7.92,419.31,42.98,105.83(21),24.64(21),505.18(21),"12,943",3.21,"36,567",1.14,-,-,-
023530,롯데쇼핑,"155,690","4,660",759,2.99,0.49,0.40,183.35(21),51.72(21),"8,887.52(21)","1,412",66.63,"351,481",0.27,"2,846",3.21(21),-27.08(21)
030000,제일기획,"41,804","3,229","2,242",7.72,5.36,19.03,125.51(21),161.92(21),"6,385.50(21)","1,932",11.44,"12,034",1.84,"1,117",4.33(21),60.59(21)
088350,한화생명,"271,736(21)","13,520(21)","8,910",4.98(21),4.60(21),10.07,"1,119.05(21)",(21),230.30(21),923,2.81,"6,190",0.42,15,-,-
039490,키움증권,"54,165","6,815","4,914",12.58,9.07,11.11,953.06(21),(21),"2,889.20(21)","16,919",5.99,"165,625",0.61,"2,249",3.27(21),11.59(21)
001040,CJ,"408,843","22,966","8,631",5.62,2.11,5.96,154.84(21),69.78(21),"2,682.28(21)","8,924",9.27,"167,200",0.49,"2,483",2.76(21),28.09(21)
014680,한솔케미칼,"8,983","1,950","1,569",21.71,17.47,19.73,55.91(21),155.21(21),"1,110.01(21)","12,895",16.21,"72,809",2.87,"2,229",0.69(21),15.75(21)
272210,한화시스템,"21,200",416,-141,1.96,-0.66,-0.84,73.87(21),162.08(21),138.65(21),-98,-140.67,"11,770",1.17,130,1.00(21),30.43(21)
138930,BNK금융지주,"55,807(21)","11,995","8,886",19.57(21),14.95(21),8.82,"1,154.86(21)",(21),527.74(21),"2,595",2.79,"30,360",0.24,606,6.67(21),22.97(21)
052690,한전기술,"4,628",173,186,3.73,4.02,3.58,37.41(21),130.01(21),"6,756.73(21)",487,133.59,"13,814",4.71,243,0.28(21),55.03(21)
004170,신세계,"77,694","7,108","4,620",9.15,5.95,9.07,136.78(21),32.33(21),"7,083.79(21)","35,899",6.37,"411,357",0.56,"3,312",1.18(21),9.62(21)
006040,동원산업,"28,022(21)","2,607(21)","1,715(21)",9.30(21),6.12(21),12.59(21),105.26(21),68.23(21),"7,873.61(21)","9,202(21)",4.93(21),"84,257(21)",0.54(21),"1,000(21)",2.20(21),10.08(21)
006260,LS,"179,679","7,275","5,357",4.05,2.98,12.17,168.05(21),93.65(21),"2,177.57(21)","14,183",4.68,"144,113",0.46,"1,490",2.68(21),14.49(21)
336260,두산퓨얼셀,"2,909",-21,21,-0.71,0.73,0.46,34.87(21),139.42(21),"6,223.91(21)",29,"1,171.70","6,371",5.37,44,-,-
012750,에스원,"24,756","2,091","1,520",8.45,6.14,10.30,36.74(21),109.78(21),"8,271.23(21)","4,000",14.82,"44,602",1.33,"2,533",3.38(21),65.53(21)
042660,대우조선해양,"51,751","-11,065","-11,848",-21.38,-22.89,-66.83,379.04(21),43.45(21),-181.66(21),"-11,043",-2.21,"12,383",1.97,-,-,-
081660,휠라홀딩스,"42,386","4,692","3,445",11.07,8.13,13.22,85.95(21),120.56(21),"2,477.43(21)","3,734",10.30,"30,314",1.27,"1,317",2.79(21),25.55(21)
010060,OCI,"46,874","9,516","7,654",20.30,16.33,21.63,82.60(21),139.94(21),"2,268.54(21)","32,009",2.94,"169,325",0.56,"2,300",1.92(21),7.36(21)
000120,CJ대한통운,"123,449","4,175","2,245",3.38,1.82,5.68,123.93(21),81.91(21),"2,700.68(21)","8,842",10.39,"177,589",0.52,7,-,-
000880,한화,"625,880","33,140","26,290",5.29,4.20,43.54,861.49(21),70.03(21),"1,045.63(21)","16,367",1.72,"26,318",1.07,805,2.39(21),7.75(21)
000990,DB하이텍,"17,183","8,118","6,312",47.24,36.73,44.73,40.13(21),137.31(21),431.38(21),"14,181",3.26,"39,487",1.17,483,0.62(21),6.17(21)
001440,대한전선,"19,977(21)",395(21),289(21),1.98(21),1.45(21),7.78(21),266.43(21),73.65(21),54.63(21),30(21),54.96(21),400(21),4.08(21),-,-,-
204320,HL만도,"74,590","2,806","2,706",3.76,3.63,12.51,179.04(21),112.27(21),"3,233.97(21)","5,482",8.27,"46,080",0.98,845,1.26(21),22.45(21)
004370,농심,"31,056","1,000","1,190",3.22,3.83,5.31,31.77(21),126.21(21),"7,246.61(21)","19,557",16.98,"397,440",0.84,"4,000",1.26(21),23.17(21)
006360,GS건설,"114,451","5,674","5,542",4.96,4.84,10.13,211.61(21),85.06(21),"1,018.20(21)","5,740",4.09,"59,741",0.39,"1,279",3.28(21),27.02(21)
008930,한미사이언스,"9,502(21)",589(21),429(21),6.19(21),4.52(21),6.37(21),37.61(21),50.23(21),"2,104.43(21)",614(21),86.68(21),"10,062(21)",5.29(21),192(21),0.36(21),30.72(21)
026960,동서,"5,353(21)",384(21),"1,151(21)",7.17(21),21.51(21),8.05(21),9.25(21),"1,230.07(21)","2,678.79(21)","1,137(21)",27.27(21),"14,531(21)",2.13(21),700(21),2.26(21),60.93(21)
002380,KCC,"67,876","5,085",796,7.49,1.17,1.32,139.56(21),86.62(21),"10,879.41(21)","7,613",31.20,"705,634",0.34,"6,350",2.22(21),-117.10(21)
000080,하이트진로,"24,982","1,948","1,114",7.80,4.46,10.02,232.16(21),60.72(21),220.09(21),"1,576",16.59,"16,477",1.59,822,2.65(21),77.90(21)
111770,영원무역,"37,601","7,840","6,491",20.85,17.26,23.63,45.74(21),266.69(21),"9,223.27(21)","13,288",3.25,"63,024",0.69,"1,223",2.29(21),14.72(21)
047040,대우건설,"100,374","7,092","5,229",7.07,5.21,14.85,225.15(21),94.20(21),73.35(21),"1,251",3.77,"9,223",0.51,-,-,-
007310,오뚜기,"31,406","1,836","1,365",5.85,4.35,8.54,69.38(21),63.44(21),"9,216.01(21)","35,297",13.40,"427,405",1.11,"8,400",1.75(21),21.02(21)
069620,대웅제약,"12,380","1,106",686,8.93,5.54,10.81,101.48(21),75.54(21),"2,053.07(21)","5,627",26.92,"57,113",2.65,600,0.41(21),26.93(21)
298050,효성첨단소재,"39,172","3,209","1,700",8.19,4.34,23.59,303.09(21),45.34(21),"2,372.60(21)","35,318",10.87,"165,056",2.33,"9,375",1.68(21),17.82(21)
298020,효성티앤씨,"91,256","1,008",110,1.10,0.12,-0.53,156.66(21),69.32(21),"6,354.40(21)","-1,681",-232.59,"311,300",1.26,"7,750",9.60(21),28.01(21)
079550,LIG넥스원,"22,189","1,924","1,622",8.67,7.31,19.42,237.59(21),58.36(21),532.75(21),"7,373",11.00,"41,617",1.95,"1,240",1.75(21),24.89(21)
000150,두산,"156,687","10,770",485,6.87,0.31,-6.11,206.10(21),61.22(21),"2,186.51(21)","-6,296",-14.17,"126,383",0.71,"2,250",1.69(21),16.89(21)
004000,롯데정밀화학,"25,235","4,172","1,382",16.53,5.48,6.65,23.87(21),178.06(21),"1,627.58(21)","5,805",9.70,"90,389",0.62,"2,025",3.07(21),10.01(21)
004800,효성,"36,755","1,170","1,030",3.18,2.80,3.18,75.72(21),64.30(21),"7,071.70(21)","3,939",17.77,"130,566",0.54,"6,250",6.86(21),29.53(21)
005300,롯데칠성,"28,321","2,246","1,344",7.93,4.75,9.25,148.91(21),70.49(21),"40,757.95(21)","13,115",11.86,"142,089",1.09,"3,040",2.25(21),21.95(21)
006280,녹십자,"17,075","1,044",800,6.12,4.68,5.17,64.17(21),111.90(21),"2,144.64(21)","5,692",23.45,"113,673",1.17,"2,000",0.92(21),18.53(21)
375500,DL이앤씨,"74,891","5,156","4,724",6.88,6.31,10.31,87.44(21),117.70(21),"3,785.83(21)","10,459",3.62,"107,702",0.35,"1,321",-,-
011210,현대위아,"81,471","2,214","2,492",2.72,3.06,7.98,109.72(21),156.71(21),"2,318.09(21)","9,947",5.42,"132,909",0.41,773,0.88(21),29.84(21)
042670,현대두산인프라코어,"46,937","3,322","2,312",7.08,4.92,15.44,249.12(21),78.09(21),"1,270.35(21)","1,170",6.51,"8,217",0.93,-,-,-(21)
051600,한전KPS,"14,305","1,121",919,7.83,6.42,8.07,28.32(21),256.68(21),"12,262.33(21)","2,042",16.70,"25,917",1.32,"1,142",3.11(21),54.68(21)
069960,현대백화점,"48,202","3,594","2,738",7.46,5.68,4.84,71.64(21),46.35(21),"3,829.64(21)","9,327",6.87,"210,443",0.30,"1,180",1.46(21),12.69(21)
285130,SK케미칼,"20,896(21)","5,552(21)","2,687(21)",26.57(21),12.86(21),11.19(21),54.11(21),58.95(21),"1,999.64(21)","8,521(21)",17.49(21),"105,002(21)",1.42(21),"3,000(21)",2.01(21),34.95(21)
010120,LS ELECTRIC,"32,565","2,171","1,205",6.67,3.70,7.83,89.81(21),162.06(21),901.85(21),"3,986",13.17,"53,520",0.98,"1,196",1.79(21),34.61(21)
000210,DL,"51,820","3,736","1,573",7.21,3.03,4.45,83.72(21),148.37(21),"5,309.50(21)","8,029",7.76,"187,635",0.33,"1,200",3.12(21),4.97(21)
001230,동국제강,"84,769","7,785","6,462",9.18,7.62,21.20,127.65(21),41.46(21),266.48(21),"6,601",2.02,"35,785",0.37,440,2.52(21),6.79(21)
001120,LX인터내셔널,"191,748","10,141","8,452",5.29,4.41,28.15,182.98(21),95.98(21),837.29(21),"15,038",2.30,"65,799",0.53,"2,767",8.70(21),23.63(21)
000240,한국앤컴퍼니,"9,633(21)","2,283(21)","2,000(21)",23.70(21),20.76(21),5.53(21),9.26(21),100.86(21),"7,779.51(21)","2,087(21)",7.52(21),"39,349(21)",0.40(21),600(21),3.82(21),28.89(21)
000670,영풍,"44,890","2,335","3,300",5.20,7.35,6.91,41.48(21),105.07(21),"37,677.39(21)","134,090",4.62,"2,145,182",0.29,"10,000",1.53(21),13.85(21)
003090,대웅,"16,548","2,218","1,902",13.40,11.49,11.13(21),67.13(21),116.12(21),"2,700.41(21)","1,355(21)",22.91(21),"17,576(21)",1.77(21),100,0.32(21),5.27(21)
005850,에스엘,"41,026","2,421","2,012",5.90,4.91,12.25,69.08(21),120.29(21),"6,207.21(21)","4,156",6.47,"36,650",0.73,560,1.60(21),23.88(21)
009240,한샘,"20,065",-52,69,-0.26,0.34,1.16,100.48(21),88.13(21),"3,438.25(21)",294,180.39,"36,289",1.46,"1,193",1.67(21),34.86(21)
014820,동원시스템즈,"14,778",993,709,6.72,4.80,10.29,124.24(21),81.42(21),249.01(21),"2,424",17.74,"24,631",1.75,600,1.17(21),44.06(21)
271940,일진하이솔루스,"1,062",40,66,3.82,6.22,2.13,11.85(21),898.96(21),"1,591.72(21)",182,179.64,"8,614",3.79,75,-,-
019170,신풍제약,"1,892(21)",-143(21),-115(21),-7.56(21),-6.09(21),-3.19(21),10.72(21),625.89(21),"1,278.43(21)",-210(21),-152.21(21),"6,896(21)",4.63(21),-,-,-
020560,아시아나항공,"62,660","6,220","-5,168(21)",9.93,-11.91(21),-47.21(21),"2,410.60(21)",45.27(21),48.64(21),"-5,160",-2.89,"6,774(21)",2.95(21),-,-,-(21)
093370,후성,"6,049","1,291","1,070",21.34,17.69,29.26,117.43(21),74.21(21),419.52(21),915,13.92,"3,513",3.62,20,0.06(21),6.16(21)
114090,GKL,"2,584",-133,-88,-5.14,-3.41,-2.34,38.52(21),111.00(21),"1,140.14(21)",-143,-138.16,"6,051",3.27,100,-,-
120110,코오롱인더,"53,235","2,558","2,022",4.81,3.80,7.31,119.61(21),51.56(21),"1,548.35(21)","6,096",7.53,"86,459",0.53,"1,200",1.83(21),20.89(21)
017800,현대엘리베이,"19,734(21)","1,290(21)","1,123(21)",6.54(21),5.69(21),10.62(21),162.93(21),68.63(21),424.41(21),"2,772(21)",14.87(21),"27,485(21)",1.50(21),800(21),1.94(21),28.87(21)
001740,SK네트웍스,"98,348","1,654",727,1.68,0.74,3.01,293.93(21),64.30(21),252.63(21),269,15.30,"10,255",0.40,120,2.39(21),26.59(21)
001800,오리온홀딩스,"24,151(21)","3,157(21)","2,253(21)",13.07(21),9.33(21),4.23(21),28.18(21),155.10(21),"6,285.97(21)","1,373(21)",11.62(21),"34,867(21)",0.46(21),650(21),4.08(21),38.50(21)
006650,대한유화,"22,844","-1,650","-1,120",-7.22,-4.90,-5.68,22.16(21),216.63(21),"4,859.29(21)","-17,146",-9.87,"306,736",0.55,"2,167",1.91(21),14.42(21)
010780,아이에스동서,"23,190","3,604","2,212",15.54,9.54,15.77,140.91(21),43.38(21),"7,919.77(21)","6,752",5.20,"46,548",0.75,"1,200",2.71(21),34.88(21)
032350,롯데관광개발,"2,080",-934,"-1,951",-44.92,-93.82,-105.26,"2,371.97(21)",35.28(21),14.31(21),"-2,723",-4.95,"4,309",3.13,-,-,-(21)
280360,롯데제과,"40,938","1,308",792,3.19,1.93,3.97,100.96(21),80.51(21),"39,657.59(21)","8,197",14.65,"231,183",0.52,"1,600",1.33(21),29.40(21)
103140,풍산,"43,706","2,436","1,760",5.57,4.03,9.98,86.77(21),60.94(21),"1,090.58(21)","6,278",5.56,"67,513",0.52,911,3.21(21),11.51(21)
161890,한국콜마,"18,731",936,576,5.00,3.08,5.08,91.68(21),65.06(21),"5,851.94(21)","1,553",28.20,"31,244",1.40,427,1.03(21),26.52(21)
178920,PI첨단소재,"2,880",520,504,18.07,17.50,15.00,45.13(21),142.01(21),"2,651.35(21)","1,716",20.11,"11,780",2.93,"1,032",1.98(21),50.01(21)
185750,종근당,"14,740","1,137",840,7.71,5.70,14.21,84.99(21),120.82(21),"1,989.99(21)","6,675",12.30,"50,468",1.63,"1,009",0.86(21),26.31(21)
039130,하나투어,"1,309",-993,-876,-75.86,-66.91,-106.00,645.54(21),95.35(21),"1,579.78(21)","-5,399",-11.67,"4,541",13.87,-,-,-(21)
003240,태광산업,"25,918(21)","3,553(21)","3,184(21)",13.71(21),12.28(21),8.77(21),23.96(21),175.12(21),"68,542.10(21)","285,347(21)",3.66(21),"4,626,787(21)",0.23(21),"1,750(21)",0.17(21),0.46(21)
005250,녹십자홀딩스,"18,406(21)",862(21),"1,277(21)",4.69(21),6.94(21),5.68(21),83.01(21),91.73(21),"3,782.80(21)","1,116(21)",24.34(21),"22,586(21)",1.20(21),400(21),1.47(21),32.86(21)
009420,한올바이오파마,"1,119",53,54,4.77,4.80,3.32,21.40(21),131.72(21),532.76(21),106,158.61,"3,342",5.03,-,-,-
009900,명신산업,"14,858","1,155","1,086",7.77,7.31,30.85,142.18(21),89.20(21),"1,101.54(21)","2,069",8.42,"7,748",2.25,-,-,-
016380,KG스틸,"33,548(21)","2,969(21)","1,907(21)",8.85(21),5.68(21),17.99(21),140.93(21),56.08(21),106.80(21),"1,908(21)",5.55(21),"11,498(21)",0.92(21),100(21),0.94(21),5.24(21)
300720,한일시멘트,"14,515","1,236",927,8.52,6.39,6.16,62.53(21),67.57(21),"3,858.27(21)","1,242",9.62,"20,514",0.58,540,2.57(21),45.79(21)
069260,TKG휴켐스,"12,326","1,246",972,10.11,7.89,13.36,31.92(21),257.25(21),"1,758.94(21)","2,373",8.23,"19,622",1.00,"1,067",4.32(21),50.71(21)
073240,금호타이어,"36,320",650,-870,1.79,-2.40,-7.34,238.82(21),64.31(21),-23.55(21),-306,-10.92,"4,268",0.78,-,-,-
192080,더블유게임즈,"6,229","1,805",226,28.98,3.63,3.35,16.63(21),231.33(21),"9,161.99(21)","1,601",30.61,"55,063",0.89,706,1.21(21),9.47(21)
192820,코스맥스,"16,003",619,210,3.87,1.31,6.38,203.39(21),61.82(21),"9,525.86(21)","3,280",23.78,"53,448",1.46,477,-,8.38(21)
031430,신세계인터내셔날,"15,649","1,249","1,039",7.98,6.64,13.53,61.07(21),102.61(21),"1,907.20(21)","2,883",8.60,"22,544",1.10,551,1.03(21),13.05(21)
001680,대상,"41,095","1,444",748,3.51,1.82,6.01,130.15(21),105.13(21),"3,449.20(21)","2,094",10.17,"35,673",0.60,800,3.43(21),20.00(21)
003850,보령,"7,400",560,530,7.57,7.16,10.95,74.70(21),209.24(21),"1,349.33(21)",772,12.57,"7,500",1.29,107,0.68(21),15.31(21)
004490,세방전지,"14,790",850,610,5.75,4.12,4.99,38.98(21),121.58(21),"17,049.72(21)","4,286",10.97,"92,364",0.51,600,0.79(21),9.54(21)
005440,현대그린푸드,"38,343",860,"1,070",2.24,2.79,5.21,40.69(21),99.54(21),"3,424.91(21)",993,7.37,"21,778",0.34,210,2.45(21),42.19(21)
013890,지누스,"11,790",656,520,5.56,4.42,10.11,113.00(21),83.86(21),"5,921.10(21)","2,847",13.47,"30,081",1.27,813,1.10(21),15.88(21)
381970,케이카,"22,770",559,345,2.46,1.52,12.72,99.67(21),34.14(21),"1,036.40(21)",718,19.53,"5,559",2.52,834,-,77.10(21)
057050,현대홈쇼핑,"22,384","1,327","1,400",5.93,6.25,7.24,38.14(21),53.40(21),"3,152.13(21)","11,667",4.83,"173,397",0.32,"2,600",3.79(21),27.02(21)
105630,한세실업,"22,196","1,878","1,000",8.46,4.50,19.91,161.88(21),52.73(21),"2,395.90(21)","2,510",6.72,"13,865",1.22,585,2.28(21),29.14(21)
241590,화승엔터프라이즈,"17,147",694,381,4.05,2.22,6.45,141.68(21),57.08(21),"1,138.81(21)",580,19.01,"9,144",1.21,55,0.27(21),-41.84(21)
284740,쿠쿠홈시스,"8,932(21)","1,786(21)","1,692(21)",20.00(21),18.94(21),26.53(21),38.55(21),173.48(21),"28,714.40(21)","6,780(21)",5.78(21),"28,790(21)",1.36(21),650(21),1.66(21),9.58(21)
294870,HDC현대산업개발,"33,639(21)","2,734(21)","1,763(21)",8.13(21),5.24(21),6.28(21),127.58(21),143.88(21),776.48(21),"2,679(21)",8.55(21),"43,665(21)",0.52(21),600(21),2.62(21),22.40(21)
020000,한섬,"15,672","1,712","1,257",10.92,8.02,9.97,25.53(21),81.15(21),"10,157.70(21)","5,242",5.33,"61,557",0.45,625,1.69(21),11.51(21)
