구분별(1)	구분별(2)	2003	2003	2003	2003	2003	2003	2004	2004	2004	2004	2004	2004	2005	2005	2005	2005	2005	2005	2006	2006	2006	2006	2006	2006	2007	2007	2007	2007	2007	2007	2008	2008	2008	2008	2008	2008	2009	2009	2009	2009	2009	2009	2010	2010	2010	2010	2010	2010	2011	2011	2011	2011	2011	2011	2012	2012	2012	2012	2012	2012	2013	2013	2013	2013	2013	2013	2014	2014	2014	2014	2014	2014	2015	2015	2015	2015	2015	2015	2016	2016	2016	2016	2016	2016	2017	2017	2017	2017	2017	2017	2018	2018	2018	2018	2018	2018	2019	2019	2019	2019	2019	2019	2020	2020	2020	2020	2020	2020	2021	2021	2021	2021	2021	2021
구분별(1)	구분별(2)	행복지수 종합	항목별 행복지수	항목별 행복지수	항목별 행복지수	항목별 행복지수	항목별 행복지수	행복지수 종합	항목별 행복지수	항목별 행복지수	항목별 행복지수	항목별 행복지수	항목별 행복지수	행복지수 종합	항목별 행복지수	항목별 행복지수	항목별 행복지수	항목별 행복지수	항목별 행복지수	행복지수 종합	항목별 행복지수	항목별 행복지수	항목별 행복지수	항목별 행복지수	항목별 행복지수	행복지수 종합	항목별 행복지수	항목별 행복지수	항목별 행복지수	항목별 행복지수	항목별 행복지수	행복지수 종합	항목별 행복지수	항목별 행복지수	항목별 행복지수	항목별 행복지수	항목별 행복지수	행복지수 종합	항목별 행복지수	항목별 행복지수	항목별 행복지수	항목별 행복지수	항목별 행복지수	행복지수 종합	항목별 행복지수	항목별 행복지수	항목별 행복지수	항목별 행복지수	항목별 행복지수	행복지수 종합	항목별 행복지수	항목별 행복지수	항목별 행복지수	항목별 행복지수	항목별 행복지수	행복지수 종합	항목별 행복지수	항목별 행복지수	항목별 행복지수	항목별 행복지수	항목별 행복지수	행복지수 종합	항목별 행복지수	항목별 행복지수	항목별 행복지수	항목별 행복지수	항목별 행복지수	행복지수 종합	항목별 행복지수	항목별 행복지수	항목별 행복지수	항목별 행복지수	항목별 행복지수	행복지수 종합	항목별 행복지수	항목별 행복지수	항목별 행복지수	항목별 행복지수	항목별 행복지수	행복지수 종합	항목별 행복지수	항목별 행복지수	항목별 행복지수	항목별 행복지수	항목별 행복지수	행복지수 종합	항목별 행복지수	항목별 행복지수	항목별 행복지수	항목별 행복지수	항목별 행복지수	행복지수 종합	항목별 행복지수	항목별 행복지수	항목별 행복지수	항목별 행복지수	항목별 행복지수	행복지수 종합	항목별 행복지수	항목별 행복지수	항목별 행복지수	항목별 행복지수	항목별 행복지수	행복지수 종합	항목별 행복지수	항목별 행복지수	항목별 행복지수	항목별 행복지수	항목별 행복지수	행복지수 종합	항목별 행복지수	항목별 행복지수	항목별 행복지수	항목별 행복지수	항목별 행복지수
구분별(1)	구분별(2)	소계	자신의 건강상태	자신의 재정상태	주위 친지 친구와의 관계	가정생활	사회생활	소계	자신의 건강상태	자신의 재정상태	주위 친지 친구와의 관계	가정생활	사회생활	소계	자신의 건강상태	자신의 재정상태	주위 친지 친구와의 관계	가정생활	사회생활	소계	자신의 건강상태	자신의 재정상태	주위 친지 친구와의 관계	가정생활	사회생활	소계	자신의 건강상태	자신의 재정상태	주위 친지 친구와의 관계	가정생활	사회생활	소계	자신의 건강상태	자신의 재정상태	주위 친지 친구와의 관계	가정생활	사회생활	소계	자신의 건강상태	자신의 재정상태	주위 친지 친구와의 관계	가정생활	사회생활	소계	자신의 건강상태	자신의 재정상태	주위 친지 친구와의 관계	가정생활	사회생활	소계	자신의 건강상태	자신의 재정상태	주위 친지 친구와의 관계	가정생활	사회생활	소계	자신의 건강상태	자신의 재정상태	주위 친지 친구와의 관계	가정생활	사회생활	소계	자신의 건강상태	자신의 재정상태	주위 친지 친구와의 관계	가정생활	사회생활	소계	자신의 건강상태	자신의 재정상태	주위 친지 친구와의 관계	가정생활	사회생활	소계	자신의 건강상태	자신의 재정상태	주위 친지 친구와의 관계	가정생활	사회생활	소계	자신의 건강상태	자신의 재정상태	주위 친지 친구와의 관계	가정생활	사회생활	소계	자신의 건강상태	자신의 재정상태	주위 친지 친구와의 관계	가정생활	사회생활	소계	자신의 건강상태	자신의 재정상태	주위 친지 친구와의 관계	가정생활	사회생활	소계	자신의 건강상태	자신의 재정상태	주위 친지 친구와의 관계	가정생활	사회생활	소계	자신의 건강상태	자신의 재정상태	주위 친지 친구와의 관계	가정생활	사회생활	소계	자신의 건강상태	자신의 재정상태	주위 친지 친구와의 관계	가정생활	사회생활
서울시	소계	6.28	6.29	4.95	6.72	7	6.43	6.42	6.56	5.07	6.85	7.1	6.53	6.35	6.6	5.11	6.71	6.86	6.44	6.4	6.63	5.21	6.75	6.85	6.54	6.43	6.72	5.38	6.74	6.82	6.5	6.51	6.88	5.55	6.73	6.81	6.57	6.54	6.88	5.65	6.75	6.82	6.6	6.59	6.88	5.88	6.75	6.8	6.64	6.65	6.9	5.9	6.82	6.89	6.73	6.77	7.06	6.05	6.9	6.99	6.84	6.86	7.15	6.23	6.95	7.03	6.94	6.92	7.16	6.21	7.08	7.14	7.01	6.95	7.18	6.28	7.09	7.16	7.04	6.97	7.2	6.29	7.11	7.18	7.05	6.96	7.19	6.29	7.1	7.19	7.05	6.9	7.22	6.13	7.09	7.13	6.91	6.84	7.25	6.26	6.91	6.98	6.79	6.54	6.99	5.99	6.64	6.67	6.43	6.27	6.63	5.7	6.38	6.45	6.2
성별	남자	-	-	-	-	-	-	-	-	-	-	-	-	6.41	6.78	5.14	6.72	6.88	6.5	6.48	6.82	5.26	6.79	6.91	6.61	6.53	6.92	5.47	6.8	6.89	6.59	6.59	7.02	5.61	6.8	6.86	6.64	6.62	7.02	5.72	6.8	6.87	6.66	6.67	7.03	5.95	6.83	6.86	6.7	6.7	7.02	5.95	6.84	6.9	6.79	6.81	7.15	6.09	6.94	7	6.88	6.92	7.24	6.28	6.99	7.07	7	6.96	7.23	6.25	7.12	7.16	7.05	7.01	7.29	6.31	7.15	7.21	7.08	7.02	7.28	6.33	7.15	7.22	7.1	7.02	7.3	6.33	7.12	7.23	7.1	6.97	7.34	6.21	7.15	7.17	6.98	6.89	7.36	6.31	6.92	7.01	6.83	6.54	7.03	5.97	6.61	6.66	6.44	6.29	6.69	5.73	6.38	6.45	6.21
성별	여자	-	-	-	-	-	-	-	-	-	-	-	-	6.29	6.44	5.08	6.7	6.84	6.38	6.32	6.45	5.15	6.7	6.8	6.47	6.33	6.53	5.31	6.67	6.75	6.41	6.43	6.75	5.49	6.66	6.76	6.5	6.46	6.76	5.58	6.7	6.76	6.54	6.51	6.73	5.8	6.68	6.73	6.58	6.6	6.79	5.85	6.79	6.87	6.68	6.72	6.96	6	6.87	6.97	6.81	6.80	7.07	6.17	6.91	6.98	6.88	6.88	7.08	6.17	7.04	7.12	6.98	6.9	7.08	6.26	7.04	7.12	6.99	6.92	7.12	6.26	7.07	7.14	7	6.91	7.07	6.24	7.07	7.16	6.99	6.83	7.11	6.05	7.04	7.09	6.84	6.79	7.14	6.22	6.9	6.95	6.74	6.54	6.95	6.01	6.67	6.67	6.41	6.25	6.56	5.68	6.39	6.45	6.19
연령별	10대	-	-	-	-	-	-	-	-	-	-	-	-	6.94	7.57	5.09	7.44	7.36	7.21	7.02	7.66	5.26	7.52	7.33	7.32	6.97	7.66	5.44	7.44	7.23	7.09	6.9	7.72	5.5	7.21	7.11	6.95	6.93	7.67	5.63	7.2	7.13	7.02	6.97	7.7	5.83	7.18	7.1	7.02	6.94	7.69	5.58	7.23	7.15	7.04	7	7.75	5.81	7.19	7.18	7.05	7.15	7.9	6.1	7.24	7.32	7.2	7.21	7.86	5.93	7.44	7.45	7.36	7.22	7.7	6.32	7.36	7.42	7.31	7.17	7.69	6.3	7.29	7.35	7.25	7.29	7.95	6.18	7.44	7.51	7.38	7.15	8.05	5.64	7.49	7.4	7.2	7.19	8	6.16	7.31	7.33	7.15	7.46	8.49	6.47	7.58	7.45	7.32	6.66	7.28	5.93	6.76	6.71	6.6
연령별	20대	-	-	-	-	-	-	-	-	-	-	-	-	6.67	7.19	5.27	7.1	7.04	6.73	6.79	7.31	5.44	7.19	7.11	6.9	6.77	7.37	5.56	7.09	7.03	6.79	6.87	7.57	5.71	7.11	7.05	6.89	6.8	7.48	5.73	6.98	6.96	6.84	6.92	7.55	5.99	7.06	7.05	6.96	6.91	7.55	5.91	7.06	7.03	6.98	7.02	7.64	6.09	7.13	7.17	7.08	7.16	7.81	6.29	7.23	7.27	7.21	7.19	7.66	6.27	7.32	7.39	7.3	7.19	7.72	6.25	7.32	7.37	7.28	7.2	7.68	6.26	7.36	7.39	7.31	7.2	7.75	6.26	7.31	7.37	7.29	7.17	7.86	6.15	7.39	7.33	7.13	7.08	7.9	6.29	7.12	7.1	6.99	6.82	7.53	6.04	6.96	6.88	6.65	6.47	7.11	5.7	6.63	6.55	6.34
연령별	30대	-	-	-	-	-	-	-	-	-	-	-	-	6.46	6.79	5.29	6.73	7	6.47	6.57	6.9	5.45	6.81	7.08	6.61	6.62	7	5.62	6.84	7.04	6.62	6.73	7.19	5.8	6.91	7.01	6.71	6.75	7.24	5.86	6.88	7.03	6.73	6.74	7.17	6.05	6.85	6.93	6.72	6.87	7.26	6.14	6.94	7.08	6.91	7.01	7.43	6.3	7.1	7.2	7.02	7.05	7.53	6.41	7.07	7.15	7.09	7.13	7.52	6.45	7.21	7.3	7.14	7.09	7.42	6.45	7.17	7.29	7.11	7.17	7.56	6.5	7.24	7.37	7.16	7.27	7.66	6.59	7.35	7.46	7.3	7.16	7.64	6.42	7.26	7.38	7.11	7.12	7.69	6.55	7.16	7.22	6.99	6.41	6.87	5.88	6.47	6.6	6.22	6.2	6.57	5.63	6.29	6.45	6.08
연령별	40대	-	-	-	-	-	-	-	-	-	-	-	-	6.37	6.6	5.22	6.65	6.89	6.49	6.42	6.64	5.3	6.7	6.87	6.57	6.49	6.73	5.51	6.73	6.89	6.58	6.53	6.87	5.62	6.69	6.85	6.61	6.66	6.96	5.87	6.82	6.93	6.73	6.68	6.93	6.03	6.82	6.89	6.76	6.75	6.98	6.08	6.87	6.98	6.83	6.82	7.07	6.16	6.92	7.03	6.91	6.97	7.27	6.36	7.07	7.13	7.04	7.02	7.28	6.38	7.15	7.22	7.1	7.06	7.3	6.47	7.17	7.24	7.12	7.08	7.34	6.49	7.19	7.27	7.14	7.13	7.39	6.52	7.22	7.35	7.19	7.04	7.39	6.37	7.14	7.27	7.03	7.02	7.45	6.5	7	7.2	6.92	6.18	6.54	5.63	6.23	6.45	6.07	6.09	6.38	5.57	6.15	6.33	6.01
연령별	50대	-	-	-	-	-	-	-	-	-	-	-	-	6.17	6.24	5.05	6.51	6.74	6.3	6.16	6.18	5.07	6.5	6.68	6.38	6.3	6.4	5.39	6.6	6.73	6.41	6.39	6.55	5.55	6.62	6.74	6.51	6.48	6.63	5.69	6.72	6.8	6.57	6.54	6.69	5.99	6.69	6.73	6.6	6.61	6.67	6.01	6.79	6.86	6.71	6.71	6.86	6.14	6.84	6.93	6.78	6.84	6.95	6.34	6.94	7.03	6.95	6.91	7.02	6.34	7.07	7.11	7.02	6.87	6.87	6.32	7.05	7.11	6.98	6.9	6.98	6.36	7.04	7.11	7	6.94	7.04	6.43	7.05	7.16	7.02	6.89	7.05	6.31	7.06	7.12	6.9	6.81	7.09	6.39	6.85	6.95	6.76	6.51	6.9	5.98	6.59	6.65	6.46	6.29	6.52	5.78	6.39	6.49	6.26
연령별	60대 이상	-	-	-	-	-	-	-	-	-	-	-	-	5.49	5.23	4.45	5.98	6.14	5.61	5.42	5.12	4.43	5.9	6.04	5.63	5.47	5.25	4.59	5.89	5.99	5.6	5.65	5.53	4.92	5.94	6.08	5.77	5.69	5.51	4.98	6.04	6.09	5.82	5.89	5.69	5.33	6.17	6.25	6	5.99	5.75	5.44	6.25	6.36	6.13	6.23	6.08	5.64	6.46	6.56	6.4	6.29	6.18	5.83	6.47	6.56	6.42	6.34	6.22	5.76	6.6	6.63	6.49	6.54	6.55	5.95	6.73	6.8	6.67	6.52	6.46	5.93	6.76	6.8	6.67	6.33	6.15	5.79	6.58	6.66	6.49	6.29	6.18	5.67	6.61	6.6	6.4	6.28	6.28	5.81	6.48	6.5	6.34	6.55	6.82	6.2	6.7	6.59	6.47	6.23	6.46	5.76	6.37	6.38	6.19
학력별	중졸 이하	-	-	-	-	-	-	-	-	-	-	-	-	5.54	5.48	4.31	6.06	6.18	5.66	5.49	5.39	4.3	5.99	6.06	5.69	5.59	5.63	4.54	6.05	6.07	5.68	5.86	6.07	4.83	6.2	6.23	5.95	5.9	6.04	4.92	6.27	6.26	6.03	5.98	6.09	5.21	6.27	6.29	6.06	5.77	5.65	4.98	6.1	6.18	5.92	6.35	6.55	5.46	6.6	6.65	6.49	6.37	6.51	5.65	6.56	6.65	6.5	6.24	6.27	5.38	6.54	6.58	6.44	6.82	7.01	6.12	7	7.05	6.94	6.61	6.58	6.03	6.82	6.88	6.75	5.97	5.83	5.28	6.27	6.35	6.12	5.97	5.89	5.19	6.35	6.32	6.09	5.96	5.97	5.28	6.25	6.22	6.1	6.28	6.5	5.86	6.49	6.32	6.24	5.74	5.93	5.18	5.92	5.92	5.75
학력별	고졸 이하	-	-	-	-	-	-	-	-	-	-	-	-	6.36	6.74	5.08	6.73	6.83	6.41	6.39	6.72	5.11	6.76	6.82	6.54	6.43	6.8	5.35	6.73	6.77	6.5	6.47	6.84	5.53	6.66	6.77	6.53	6.49	6.85	5.6	6.7	6.77	6.54	6.51	6.78	5.83	6.69	6.71	6.56	6.63	6.91	5.86	6.8	6.86	6.7	6.64	6.86	5.96	6.77	6.87	6.72	6.77	7.02	6.19	6.86	6.93	6.86	6.82	7.01	6.17	6.98	7.02	6.93	6.91	7.1	6.25	7.06	7.13	6.99	6.9	7.07	6.27	7.05	7.12	7	6.88	7.05	6.23	7.03	7.11	6.97	6.84	7.13	6.06	7.06	7.07	6.88	6.79	7.12	6.25	6.89	6.95	6.75	6.65	7.19	6.09	6.74	6.7	6.55	6.31	6.73	5.73	6.44	6.4	6.24
학력별	전문대 이하	-	-	-	-	-	-	-	-	-	-	-	-	6.58	6.94	5.29	6.91	7.05	6.68	6.58	6.95	5.34	6.93	7	6.67	6.65	7.04	5.6	6.94	7.01	6.66	6.76	7.28	5.82	6.96	7	6.76	6.72	7.17	5.89	6.86	6.92	6.74	6.75	7.17	6.04	6.85	6.9	6.78	-	-	-	-	-	-	-	-	-	-	-	-	-	-	-	-	-	-	-	-	-	-	-	-	-	-	-	-	-	-	-	-	-	-	-	-	-	-	-	-	-	-	-	-	-	-	-	-	-	-	-	-	-	-	-	-	-	-	-	-	-	-	-	-	-	-
학력별	4년제 이하	-	-	-	-	-	-	-	-	-	-	-	-	6.72	7	5.54	6.99	7.2	6.85	6.83	7.12	5.76	7.08	7.25	6.94	6.84	7.16	5.84	7.08	7.22	6.92	6.88	7.29	5.92	7.08	7.16	6.95	6.9	7.32	6.01	7.06	7.17	6.94	6.98	7.33	6.27	7.1	7.16	7.03	-	-	-	-	-	-	-	-	-	-	-	-	-	-	-	-	-	-	-	-	-	-	-	-	-	-	-	-	-	-	-	-	-	-	-	-	-	-	-	-	-	-	-	-	-	-	-	-	-	-	-	-	-	-	-	-	-	-	-	-	-	-	-	-	-	-
학력별	대졸 이하	-	-	-	-	-	-	-	-	-	-	-	-	-	-	-	-	-	-	-	-	-	-	-	-	-	-	-	-	-	-	-	-	-	-	-	-	-	-	-	-	-	-	-	-	-	-	-	-	6.91	7.27	6.18	7.03	7.1	6.99	7.01	7.37	6.32	7.1	7.19	7.06	7.11	7.5	6.47	7.17	7.23	7.16	7.16	7.49	6.44	7.28	7.36	7.22	7.01	7.28	6.35	7.14	7.22	7.09	7.06	7.37	6.35	7.19	7.26	7.13	7.24	7.58	6.56	7.33	7.43	7.31	7.13	7.56	6.37	7.27	7.34	7.1	7.06	7.6	6.49	7.07	7.16	6.96	6.58	7.07	5.99	6.65	6.75	6.44	6.39	6.79	5.81	6.48	6.59	6.3
학력별	대학원 이상	-	-	-	-	-	-	-	-	-	-	-	-	6.81	6.83	5.76	7.06	7.41	7.02	6.87	6.93	5.79	7.05	7.47	7.11	6.86	6.92	5.92	7.06	7.39	7.01	6.69	6.96	5.73	6.87	7.14	6.73	6.76	6.77	6.04	6.85	7.19	6.93	6.93	7.13	6.25	7.06	7.3	6.92	7	7.04	6.31	7.13	7.39	7.13	7.02	7.39	6.28	7.13	7.21	7.09	7.03	7.01	6.63	7.12	7.27	7.12	7.28	7.38	6.6	7.41	7.57	7.42	7.07	7.3	6.43	7.19	7.3	7.13	6.99	7.12	6.46	7.15	7.21	7.01	7.25	7.55	6.44	7.32	7.57	7.36	7.17	7.35	6.62	7.3	7.37	7.18	7.08	7.73	6.65	7.07	7.1	6.86	6.2	6.35	5.73	6.28	6.54	6.09	6.08	6.12	5.65	6.18	6.47	5.97
소득별	100만원 미만	-	-	-	-	-	-	-	-	-	-	-	-	5.08	5.22	3.57	5.75	5.63	5.24	5.11	5.16	3.68	5.79	5.53	5.38	4.96	5.14	3.8	5.49	5.29	5.09	4.87	5.01	3.75	5.39	5.2	4.97	4.88	4.96	3.76	5.48	5.19	5.03	4.86	5	3.95	5.23	5.2	4.93	4.87	5.03	3.64	5.33	5.26	5.07	5.39	5.52	4.47	5.67	5.65	5.64	5.39	5.48	4.76	5.64	5.53	5.52	5.33	5.37	4.37	5.72	5.64	5.54	...	...	...	...	...	...	6.81	6.95	6.14	7	7.02	6.94	5.45	5.57	4.5	5.81	5.74	5.64	5.59	5.71	4.38	6.07	5.98	5.79	5.71	6.1	4.79	6.03	5.83	5.81	4.95	5.3	4.21	5.28	5.09	4.86	-	-	-	-	-	-
소득별	100-200만원 미만	-	-	-	-	-	-	-	-	-	-	-	-	5.98	6.34	4.53	6.45	6.48	6.09	5.96	6.34	4.53	6.41	6.41	6.11	5.93	6.34	4.73	6.36	6.23	6.01	5.92	6.3	4.75	6.29	6.21	6.06	5.9	6.21	4.8	6.26	6.17	6.05	6.04	6.31	5.16	6.35	6.24	6.18	6.05	6.27	5.11	6.35	6.35	6.18	6.06	6.29	5.26	6.25	6.31	6.21	6.17	6.41	5.52	6.35	6.32	6.27	6.18	6.31	5.35	6.47	6.39	6.39	...	...	...	...	...	...	6.79	6.84	6.16	6.99	7.04	6.91	6.16	6.29	5.35	6.43	6.39	6.34	6.11	6.2	5.22	6.5	6.37	6.28	6.05	6.18	5.4	6.31	6.22	6.14	5.87	6.18	5.22	6.16	5.95	5.86	-	-	-	-	-	-
소득별	200만원 미만	-	-	-	-	-	-	-	-	-	-	-	-	-	-	-	-	-	-	-	-	-	-	-	-	-	-	-	-	-	-	-	-	-	-	-	-	-	-	-	-	-	-	-	-	-	-	-	-	-	-	-	-	-	-	-	-	-	-	-	-	-	-	-	-	-	-	-	-	-	-	-	-	-	-	-	-	-	-	-	-	-	-	-	-	-	-	-	-	-	-	-	-	-	-	-	-	-	-	-	-	-	-	-	-	-	-	-	-	5.16	5.47	4.3	5.48	5.39	5.16
소득별	200-300만원 미만	-	-	-	-	-	-	-	-	-	-	-	-	6.43	6.77	5.18	6.77	6.92	6.49	6.45	6.76	5.25	6.76	6.9	6.57	6.37	6.73	5.27	6.69	6.74	6.41	6.43	6.89	5.39	6.66	6.69	6.49	6.46	6.89	5.48	6.67	6.76	6.51	6.46	6.89	5.65	6.64	6.63	6.49	6.47	6.8	5.63	6.64	6.71	6.6	6.58	6.87	5.83	6.73	6.77	6.69	6.65	7	6	6.74	6.81	6.72	6.66	6.93	5.85	6.86	6.87	6.8	...	...	...	...	...	...	6.96	7.2	6.29	7.08	7.18	7.04	6.75	7.03	6.02	6.91	6.95	6.85	6.7	7.09	5.85	6.96	6.84	6.75	6.74	7.12	6.16	6.85	6.79	6.77	6.23	6.66	5.57	6.39	6.36	6.16	6.03	6.45	5.33	6.2	6.23	5.97
소득별	300-400만원 미만	-	-	-	-	-	-	-	-	-	-	-	-	6.64	6.91	5.52	6.89	7.16	6.72	6.7	6.92	5.58	7	7.17	6.83	6.67	6.98	5.59	6.93	7.09	6.74	6.69	7.1	5.75	6.89	6.97	6.75	6.73	7.15	5.84	6.89	7	6.77	6.65	7.03	5.91	6.78	6.86	6.69	6.75	7.08	6.01	6.87	6.96	6.83	6.82	7.16	6.1	6.93	7.03	6.88	6.95	7.26	6.33	7.02	7.09	7.04	6.97	7.27	6.28	7.11	7.16	7.04	...	...	...	...	...	...	7.02	7.32	6.35	7.14	7.22	7.09	7.03	7.3	6.38	7.14	7.26	7.09	6.96	7.35	6.2	7.15	7.16	6.96	6.87	7.3	6.29	6.97	7	6.8	6.56	7.05	5.98	6.65	6.65	6.45	6.22	6.6	5.63	6.33	6.39	6.17
소득별	400-500만원 미만	-	-	-	-	-	-	-	-	-	-	-	-	6.76	6.93	5.7	7.06	7.27	6.85	6.84	7.03	5.77	7.1	7.3	7	6.75	7.05	5.77	7	7.15	6.8	6.84	7.25	5.93	6.98	7.15	6.87	6.81	7.18	6.06	6.93	7.02	6.84	6.83	7.11	6.18	6.96	7.01	6.88	6.96	7.25	6.3	7.06	7.15	7.02	6.95	7.27	6.29	7.05	7.15	6.98	6.99	7.33	6.39	7.05	7.17	7.03	7.1	7.41	6.41	7.23	7.3	7.17	...	...	...	...	...	...	6.98	7.22	6.29	7.13	7.2	7.05	7.19	7.44	6.52	7.29	7.43	7.25	7.03	7.41	6.26	7.21	7.26	7.02	6.98	7.41	6.4	7.03	7.15	6.92	6.76	7.26	6.21	6.82	6.87	6.64	6.41	6.87	5.83	6.48	6.56	6.31
소득별	500만원 이상	-	-	-	-	-	-	-	-	-	-	-	-	6.92	6.9	6.02	7.18	7.46	7.07	6.95	7.01	6.06	7.15	7.45	7.06	6.89	7	6.04	7.1	7.35	6.94	6.96	7.24	6.22	7.07	7.3	6.96	6.91	7.15	6.21	7.07	7.18	6.94	7.01	7.13	6.48	7.12	7.25	7.05	6.97	7.12	6.37	7.13	7.23	7.03	6.98	7.22	6.26	7.14	7.23	7.06	7.20	7.45	6.55	7.31	7.4	7.3	7.24	7.42	6.6	7.36	7.49	7.32	...	...	...	...	...	...	6.98	7.21	6.3	7.12	7.19	7.06	7.25	7.45	6.64	7.35	7.48	7.32	7.13	7.46	6.46	7.26	7.39	7.1	7.02	7.47	6.5	7.04	7.18	6.92	6.89	7.35	6.42	6.91	7.04	6.73	6.62	6.93	6.18	6.67	6.79	6.52
혼인상태별	기혼	-	-	-	-	-	-	-	-	-	-	-	-	6.35	6.48	5.23	6.63	7	6.4	6.4	6.49	5.32	6.68	7.01	6.5	6.46	6.58	5.51	6.7	6.99	6.52	6.54	6.76	5.69	6.71	6.97	6.59	6.6	6.82	5.81	6.76	6.97	6.64	6.63	6.78	6.03	6.76	6.92	6.67	6.73	6.84	6.13	6.85	7.05	6.78	6.79	6.95	6.16	6.9	7.06	6.85	6.91	7.09	6.37	6.98	7.12	6.99	6.98	7.14	6.38	7.11	7.24	7.05	...	...	...	...	...	...	6.91	7.08	6.29	7.06	7.13	6.99	7.04	7.14	6.47	7.16	7.34	7.11	6.94	7.14	6.3	7.08	7.28	6.92	6.9	7.18	6.42	6.94	7.12	6.83	6.56	6.88	6.08	6.6	6.79	6.45	6.48	6.74	6.02	6.53	6.71	6.38
혼인상태별	미혼	-	-	-	-	-	-	-	-	-	-	-	-	6.66	7.23	5.18	7.11	6.95	6.8	6.74	7.33	5.32	7.16	6.98	6.92	6.72	7.37	5.46	7.08	6.91	6.79	6.78	7.53	5.59	7.07	6.9	6.83	6.76	7.46	5.65	6.97	6.89	6.82	6.83	7.5	5.86	7.02	6.91	6.87	6.82	7.51	5.72	7.02	6.91	6.91	6.98	7.61	6.05	7.11	7.1	7.04	7.08	7.73	6.23	7.16	7.16	7.12	7.12	7.65	6.15	7.29	7.27	7.25	...	...	...	...	...	...	7.19	7.64	6.36	7.3	7.37	7.26	7.15	7.7	6.25	7.27	7.29	7.24	7.11	7.8	6.08	7.35	7.21	7.13	7.05	7.83	6.28	7.11	7.05	6.97	6.57	7.29	5.81	6.74	6.6	6.44	6.09	6.61	5.37	6.26	6.23	6
혼인상태별	이혼/사별/기타	-	-	-	-	-	-	-	-	-	-	-	-	-	-	-	-	-	-	-	-	-	-	-	-	-	-	-	-	-	-	-	-	-	-	-	-	-	-	-	-	-	-	-	-	-	-	-	-	-	-	-	-	-	-	-	-	-	-	-	-	-	-	-	-	-	-	-	-	-	-	-	-	-	-	-	-	-	-	-	-	-	-	-	-	-	-	-	-	-	-	-	-	-	-	-	-	6.07	6.2	5.51	6.32	6.15	6.18	6.35	6.77	5.96	6.56	6.2	6.27	5.91	6.18	5.31	6.15	5.95	5.98
혼인상태별	이혼/별거	-	-	-	-	-	-	-	-	-	-	-	-	5.39	5.88	4.06	5.93	5.51	5.57	5.43	5.92	4.15	5.96	5.43	5.69	5.57	6.01	4.6	6.05	5.52	5.68	5.63	6.21	4.57	6.01	5.57	5.78	5.82	6.23	4.95	6.23	5.77	5.93	5.88	6.31	5.09	6.18	5.82	6.03	6	6.31	5.21	6.3	5.93	6.25	6.28	6.63	5.57	6.47	6.26	6.45	6.22	6.5	5.49	6.47	6.2	6.44	6.23	6.58	5.51	6.5	6.16	6.41	...	...	...	...	...	...	6.84	6.91	6.28	7	7.07	6.93	6.29	6.55	5.74	6.49	6.25	6.42	6.38	6.7	5.67	6.69	6.26	6.56	-	-	-	-	-	-	-	-	-	-	-	-	-	-	-	-	-	-
혼인상태별	사별	-	-	-	-	-	-	-	-	-	-	-	-	5.2	4.99	4.08	5.79	5.71	5.45	5.19	4.93	4.15	5.77	5.63	5.48	5.08	4.91	4.2	5.62	5.44	5.22	5.37	5.32	4.67	5.73	5.62	5.5	5.38	5.22	4.56	5.86	5.67	5.61	5.45	5.32	4.88	5.81	5.62	5.61	5.61	5.36	4.95	5.98	5.91	5.85	5.85	5.64	5.19	6.17	6.16	6.08	5.87	5.74	5.39	6.15	6.06	6.02	5.92	5.74	5.26	6.26	6.17	6.14	...	...	...	...	...	...	6.59	6.54	6.05	6.79	6.85	6.73	5.91	5.71	5.32	6.23	6.2	6.1	5.93	5.77	5.27	6.37	6.13	6.07	-	-	-	-	-	-	-	-	-	-	-	-	-	-	-	-	-	-
지역대분류	도심권	-	-	-	-	-	-	-	-	-	-	-	-	6.43	6.91	5.28	6.68	6.82	6.44	6.55	6.8	5.63	6.77	6.87	6.68	6.55	6.96	5.21	6.91	6.99	6.69	6.41	6.76	5.77	6.49	6.6	6.42	6.64	6.97	5.78	6.85	6.89	6.72	6.38	6.7	5.77	6.49	6.54	6.39	6.76	6.91	6.34	6.89	6.82	6.85	6.73	6.93	6	6.9	7.01	6.8	6.52	6.75	6.07	6.56	6.74	6.48	6.74	7.05	6.08	6.85	6.92	6.8	6.77	6.97	6.08	6.91	7	6.91	6.76	6.97	6.18	6.86	6.97	6.84	7.04	7.23	6.36	7.24	7.25	7.1	7.03	7.17	6.15	7.78	7.12	6.9	6.61	7.09	6.14	6.7	6.67	6.45	6.38	6.89	5.83	6.48	6.48	6.24	6.22	6.58	5.7	6.31	6.36	6.13
지역대분류	동북권	-	-	-	-	-	-	-	-	-	-	-	-	6.36	6.66	5.12	6.71	6.85	6.44	6.27	6.54	4.94	6.68	6.73	6.44	6.6	6.51	5.56	7.03	7.15	6.77	6.45	6.77	5.39	6.76	6.83	6.52	6.46	6.84	5.48	6.69	6.76	6.53	6.4	6.71	5.65	6.58	6.62	6.43	6.57	6.82	5.78	6.75	6.86	6.67	6.54	6.81	5.73	6.72	6.82	6.64	6.70	6.96	6.1	6.79	6.86	6.79	6.81	7.02	6.07	6.98	7.07	6.93	6.85	7.06	6.18	6.99	7.07	6.93	6.83	7.04	6.13	6.99	7.07	6.94	6.92	7.13	6.15	7.1	7.21	7.04	6.9	7.27	6.09	7.06	7.17	6.92	6.9	7.3	6.26	6.98	7.04	6.92	6.54	6.97	5.95	6.64	6.67	6.45	6.26	6.6	5.7	6.37	6.44	6.22
지역대분류	서북권	-	-	-	-	-	-	-	-	-	-	-	-	6.41	6.64	5.24	6.71	6.91	6.51	6.33	6.59	5.02	6.67	6.89	6.47	5.97	6.06	5.09	6.36	6.38	5.97	6.37	7.03	5.34	6.52	6.57	6.4	6.52	6.85	5.52	6.75	6.89	6.59	6.7	6.92	6.02	6.87	6.98	6.73	6.57	6.81	5.64	6.8	6.89	6.72	6.83	7.11	6.23	6.93	7.03	6.85	6.91	7.27	6.28	6.98	7.07	6.96	6.81	7.08	6.18	6.96	6.98	6.87	6.93	7.13	6.22	7.1	7.16	7.04	6.95	7.16	6.34	7.07	7.16	7.02	6.96	7.14	6.3	7.1	7.23	7.04	6.85	7.22	6.17	6.96	7.09	6.81	6.76	7.14	6.17	6.85	6.93	6.72	6.52	6.99	6.09	6.58	6.6	6.34	6.22	6.64	5.66	6.3	6.39	6.1
지역대분류	서남권	-	-	-	-	-	-	-	-	-	-	-	-	6.27	6.48	4.93	6.71	6.82	6.38	6.41	6.57	5.21	6.8	6.91	6.56	6.22	6.35	4.89	6.67	6.79	6.38	6.46	6.89	5.41	6.69	6.81	6.54	6.53	6.9	5.62	6.74	6.79	6.6	6.72	7.01	6	6.86	6.92	6.79	6.67	6.99	5.9	6.81	6.92	6.74	6.89	7.22	6.22	7	7.07	6.97	6.89	7.14	6.19	7.02	7.11	7	6.89	7.13	6.18	7.04	7.09	7	7.14	7.43	6.44	7.28	7.32	7.21	7.08	7.36	6.35	7.25	7.29	7.16	6.97	7.19	6.37	7.11	7.16	7.03	6.82	7.07	6.05	7.02	7.07	6.88	6.85	7.25	6.33	6.91	6.96	6.82	6.5	6.94	5.94	6.61	6.61	6.4	6.22	6.58	5.62	6.34	6.44	6.1
지역대분류	동남권	-	-	-	-	-	-	-	-	-	-	-	-	6.39	6.6	5.23	6.74	6.89	6.49	6.58	6.85	5.63	6.81	6.94	6.68	6.21	6.61	4.87	6.6	6.79	6.21	6.76	7.01	6.07	6.93	6.96	6.83	6.66	6.92	5.99	6.83	6.87	6.68	6.69	6.97	6.02	6.88	6.86	6.75	6.74	6.97	6.12	6.92	6.9	6.8	6.92	7.21	6.22	7.05	7.11	7	7.12	7.52	6.5	7.2	7.21	7.19	7.25	7.51	6.52	7.42	7.48	7.32	6.9	7.09	6.29	7.01	7.12	6.98	7.06	7.28	6.47	7.18	7.26	7.12	6.98	7.27	6.34	7.04	7.18	7.07	6.99	7.37	6.28	7.14	7.19	6.99	6.81	7.27	6.27	6.88	7	6.64	6.67	7.13	6.11	6.76	6.83	6.52	6.42	6.75	5.85	6.54	6.55	6.39
지역소분류	종로구	6.18	6.11	4.99	6.64	6.79	6.39	6.16	6.09	4.67	6.71	7.05	6.32	6.48	7.04	5.15	6.75	6.88	6.58	6.44	6.76	5.34	6.58	7.01	6.54	6.25	6.63	5.67	6.48	6.23	6.22	6.38	7.1	5.55	6.46	6.47	6.3	6.77	7.05	6.25	6.86	6.86	6.84	6.62	6.97	6.16	6.68	6.68	6.6	6.37	6.51	5.97	6.52	6.38	6.48	6.79	6.84	6.14	6.98	7.18	6.8	6.23	6.26	5.86	6.47	6.41	6.17	6.9	7.09	6.23	7.11	7.16	6.92	6.85	7.14	6.16	6.98	7.03	6.95	6.88	7.11	6.2	7.01	7.16	6.93	7.23	7.47	6.61	7.39	7.41	7.29	6.59	6.84	5.88	6.73	6.87	6.61	7.18	7.47	6.84	7.29	7.34	6.95	6.46	6.99	5.88	6.66	6.53	6.24	6.23	6.5	5.77	6.31	6.38	6.19
지역소분류	중구	6.62	6.76	5.22	7.06	7.09	6.92	6.41	6.4	5.2	6.85	7.08	6.54	6.14	6.54	5.02	6.4	6.42	6.33	6.22	6.56	4.99	6.57	6.53	6.47	6.48	6.69	5.41	6.84	6.9	6.58	6.24	6.3	5.4	6.47	6.72	6.32	6.44	6.95	5.74	6.54	6.52	6.47	6.28	6.57	6	6.25	6.33	6.25	6.55	6.72	6.08	6.67	6.66	6.63	6.92	7.54	6.55	6.8	6.86	6.83	6.39	6.84	5.86	6.19	6.53	6.52	6.56	7.02	5.74	6.66	6.71	6.66	6.76	6.88	6.16	6.86	7.02	6.89	6.75	6.95	6.15	6.86	6.99	6.79	6.99	7.24	6.08	7.27	7.21	7.14	6.47	6.89	5.38	6.74	6.82	6.51	6.48	6.88	5.99	6.62	6.59	6.34	6.44	6.81	5.83	6.56	6.61	6.39	6.35	6.61	5.84	6.5	6.49	6.33
지역소분류	용산구	6.45	6.43	5.01	6.93	7.21	6.65	6.86	7.04	5.76	7.31	7.49	6.69	6.55	7.03	5.52	6.79	7	6.4	6.81	6.97	6.2	7.01	6.98	6.9	6.52	6.71	5.29	6.93	7.11	6.56	6.53	6.78	6.13	6.53	6.63	6.57	6.66	6.93	5.48	7.01	7.12	6.78	6.25	6.57	5.37	6.48	6.53	6.31	7.15	7.3	6.74	7.26	7.23	7.23	6.58	6.66	5.59	6.9	6.98	6.77	6.79	7.04	6.33	6.83	7.09	6.67	6.72	7.03	6.16	6.76	6.86	6.79	6.73	6.9	5.98	6.9	6.96	6.89	6.69	6.88	6.18	6.75	6.83	6.8	6.93	7.07	6.34	7.11	7.17	6.95	7.67	7.57	6.8	9.13	7.48	7.35	6.28	6.94	5.73	6.33	6.25	6.16	6.3	6.87	5.79	6.31	6.37	6.15	6.13	6.62	5.57	6.21	6.27	5.97
지역소분류	성동구	6.28	6.28	4.96	6.76	6.95	6.43	6.33	6.32	4.81	6.83	7.19	6.5	6.41	6.57	5.28	6.74	6.95	6.51	6.05	6.33	4.68	6.47	6.63	6.16	6.47	6.8	5.55	6.71	6.64	6.63	6.32	6.54	5.77	6.49	6.48	6.33	6.42	6.81	5.42	6.56	6.78	6.52	6.46	6.93	5.86	6.43	6.48	6.61	6.65	6.75	5.82	6.88	6.85	6.96	6.06	6.15	5.4	6.17	6.54	6.04	6.37	6.61	5.9	6.43	6.53	6.37	6.9	6.93	6.38	7.03	7.13	7.05	6.83	7.03	6.2	6.93	7.04	6.93	6.9	7.02	6.34	6.98	7.15	7.03	6.91	7.05	6.17	7.1	7.2	7.02	6.89	7.19	6.26	7	7.23	6.77	6.71	7.01	6.21	6.76	6.76	6.78	6.38	6.85	5.81	6.5	6.51	6.21	6.28	6.64	5.83	6.32	6.36	6.26
지역소분류	광진구	6.49	6.5	5.26	6.85	7.15	6.7	6.74	7.06	5.78	7.01	7.14	6.73	6.79	7.28	5.89	6.98	7.06	6.72	6.29	6.83	4.95	6.68	6.62	6.34	6.28	6.7	5.26	6.54	6.68	6.22	6.02	6.23	5.01	6.39	6.37	6.11	6.25	6.62	5.33	6.48	6.6	6.24	6.18	6.32	5.08	6.56	6.7	6.21	6.54	6.63	5.5	6.77	7.03	6.77	6.61	6.99	5.27	6.94	6.98	6.86	6.68	6.92	6.05	6.72	6.84	6.85	6.74	6.95	6.03	6.83	7.03	6.84	6.81	7.12	6.07	6.97	7.06	6.83	6.87	7.13	6.09	7.07	7.1	6.97	6.82	7.04	5.85	7.01	7.18	7	7.09	7.4	6.57	7.18	7.26	7.06	6.94	7.24	6.23	7.09	7.15	7.02	6.38	6.79	5.89	6.49	6.5	6.22	6.38	6.7	5.78	6.54	6.52	6.39
지역소분류	동대문구	6.14	6.18	4.74	6.57	6.86	6.34	6.09	6.16	4.84	6.53	6.72	6.22	6.1	6.6	5.29	6.24	6.3	6.05	6.48	6.9	5.48	6.69	6.75	6.57	6.42	6.77	5.29	6.73	6.79	6.51	6.43	6.97	5.88	6.41	6.59	6.32	6.04	6.5	5.46	6.15	6.16	5.95	6.44	6.86	5.74	6.58	6.59	6.41	6.71	6.97	6.04	6.9	6.88	6.76	6.33	6.66	5.51	6.45	6.55	6.5	6.46	6.74	5.86	6.56	6.7	6.42	6.82	7.16	6.05	6.97	7.02	6.9	6.75	6.99	6.04	6.87	7	6.86	6.71	6.91	5.96	6.92	6.96	6.81	6.68	6.94	5.86	6.85	7.03	6.7	6.78	7.04	6.1	6.78	7.02	6.95	6.8	7.47	6.16	6.77	6.75	6.82	6.44	7	5.96	6.48	6.47	6.31	6.24	6.57	5.68	6.31	6.45	6.18
지역소분류	중랑구	5.94	6.14	4.49	6.43	6.56	6.06	6.08	6.21	4.59	6.61	6.83	6.15	6.37	6.69	4.95	6.92	6.9	6.36	6.21	6.36	4.65	6.78	6.82	6.43	6.33	6.71	5.28	6.59	6.7	6.37	6.07	6.5	4.98	6.4	6.41	6.09	6.53	6.98	5.92	6.61	6.64	6.48	6.4	6.76	5.86	6.51	6.47	6.39	6.67	7.02	6.28	6.62	6.73	6.68	6.32	6.48	5.58	6.47	6.6	6.45	6.57	6.65	6.28	6.6	6.75	6.56	7.04	7.17	6.49	7.22	7.2	7.1	6.89	7.01	6.24	7.06	7.11	7	6.82	7.1	6.14	6.94	7	6.91	6.97	7.26	6.28	7.09	7.2	7.01	7.02	7.44	6.09	7.23	7.24	7.07	6.44	6.76	5.79	6.55	6.69	6.44	6.55	7.1	5.87	6.66	6.72	6.42	6.32	6.67	5.8	6.43	6.45	6.27
지역소분류	성북구	6.28	6.45	4.82	6.76	6.9	6.48	6.3	6.39	4.9	6.68	6.99	6.54	6.33	6.66	4.81	6.66	6.95	6.51	6.03	6.27	4.72	6.5	6.47	6.2	5.95	6.13	4.69	6.32	6.42	6.17	6.93	7.16	5.94	7.2	7.34	6.99	6.7	7.12	6.11	6.78	6.79	6.72	6.36	6.59	5.88	6.49	6.41	6.44	6.94	7.25	6.37	7	7.12	6.95	6.85	7.16	6.03	7.08	7.06	6.89	6.92	7.34	6.06	7.1	7	7.08	6.73	6.89	6.04	6.94	6.95	6.85	6.83	7.02	6.13	7	7.06	6.94	6.86	7	6.19	7.03	7.11	6.98	6.96	7.06	6.32	7.11	7.21	7.08	7.04	7.47	6.47	7.15	7.18	6.95	6.95	7.57	6.33	6.99	7.06	6.82	6.65	7.18	6.08	6.7	6.73	6.57	6.19	6.54	5.64	6.27	6.39	6.1
지역소분류	강북구	6.06	6.07	4.65	6.55	6.66	6.29	6.47	6.56	4.75	7.06	7.22	6.77	6.3	6.39	4.82	6.8	6.94	6.53	5.99	5.98	4.53	6.62	6.59	6.2	6.48	6.61	5.28	6.88	7.03	6.58	6.63	6.96	5.41	7.04	7.07	6.69	6.38	6.65	5	6.79	6.94	6.52	6.34	6.69	5.36	6.61	6.65	6.39	6.1	6.28	5.12	6.41	6.52	6.18	6.66	7	5.98	6.74	6.86	6.74	6.61	6.9	6.17	6.72	6.71	6.54	6.53	6.6	5.65	6.76	6.93	6.73	6.85	7.09	6.14	6.99	7.07	6.95	6.8	7.01	6.06	7.01	6.99	6.93	7.11	7.33	6.32	7.31	7.34	7.24	6.75	7.08	5.88	7.01	7.02	6.78	7.11	7.31	6.34	7.37	7.23	7.27	6.57	6.84	5.9	6.74	6.78	6.58	6.18	6.46	5.56	6.32	6.43	6.15
지역소분류	도봉구	6.31	6.37	5.07	6.63	7.19	6.3	6.51	6.73	4.97	6.89	7.33	6.66	6.38	6.59	4.91	6.8	7.07	6.49	6.14	6.54	4.75	6.51	6.65	6.28	6.28	6.32	5.43	6.58	6.68	6.42	6.2	6.47	5.2	6.51	6.59	6.21	6.56	6.65	6.01	6.78	6.8	6.56	6.75	6.93	6.49	6.78	6.88	6.67	6.62	7.06	6.01	6.66	6.75	6.65	6.66	6.76	5.93	6.94	6.94	6.71	7.07	7.26	6.31	7.28	7.28	7.2	6.66	7.05	5.85	6.72	6.81	6.85	6.78	6.92	6.11	6.94	7.06	6.88	6.66	6.86	5.96	6.76	6.91	6.8	7.22	7.43	6.6	7.42	7.42	7.25	7.01	7.48	6.28	7.16	7.16	6.95	6.89	7.34	6.3	6.9	7.04	6.89	6.48	6.83	5.73	6.63	6.69	6.53	6.06	6.43	5.42	6.19	6.3	5.98
지역소분류	노원구	5.92	5.9	4.52	6.46	6.71	6.03	6.45	6.74	5.01	6.79	7.05	6.66	6.28	6.56	5.11	6.59	6.73	6.41	6.72	6.94	5.48	7.01	7.13	7.03	6.35	6.82	5.32	6.58	6.69	6.37	6.77	7.08	5.09	7.29	7.39	7.03	6.61	7.14	4.74	7.09	7.14	6.95	6.35	6.7	5.19	6.68	6.77	6.42	6.36	6.54	5.18	6.74	6.88	6.45	6.66	7	5.89	6.77	6.89	6.74	6.80	7.08	6.13	6.8	6.96	7.04	6.97	7.22	6.07	7.21	7.34	7.04	6.96	7.19	6.4	7.1	7.14	6.97	6.97	7.22	6.22	7.14	7.23	7.06	6.81	7	5.91	6.98	7.13	7.01	6.69	7.09	5.36	6.99	7.18	6.81	7.22	7.52	6.57	7.29	7.46	7.27	6.69	7.02	6.15	6.8	6.84	6.63	6.38	6.72	5.8	6.48	6.54	6.35
지역소분류	은평구	6.35	6.3	4.81	6.81	7.19	6.61	6.48	6.72	5.29	6.84	7.03	6.52	6.59	7.07	5.77	6.67	6.91	6.54	6.3	6.79	5.04	6.62	6.72	6.34	6.75	7.06	5.54	7.12	7.23	6.8	6.31	6.79	5.33	6.47	6.47	6.48	6.68	7.05	5.39	6.95	7.12	6.89	6.88	7.19	6.28	6.91	7.11	6.88	6.82	6.97	6.09	7.03	7.05	6.95	6.63	6.96	6.12	6.73	6.79	6.54	7.17	7.51	6.67	7.16	7.42	7.11	6.63	7	5.92	6.8	6.75	6.69	6.88	7.13	6.11	7.08	7.1	6.97	6.97	7.17	6.34	7.1	7.18	7.08	6.96	7.18	6.28	7.13	7.2	7	6.78	7.23	6.15	6.84	6.96	6.73	6.59	6.87	6.04	6.75	6.79	6.52	6.52	7	6.13	6.54	6.61	6.31	6.24	6.66	5.69	6.29	6.42	6.13
지역소분류	서대문구	6.2	6.14	4.73	6.69	7.05	6.37	6.29	6.33	4.88	6.75	7.05	6.42	6.24	6.35	4.91	6.66	6.93	6.32	6.35	6.45	5.18	6.66	6.94	6.5	6.78	7.62	5.61	6.9	6.89	6.88	6.43	7.13	5.41	6.55	6.66	6.41	6.32	6.65	5.74	6.36	6.64	6.21	6.66	6.8	6.11	6.89	6.83	6.7	6.63	6.87	5.98	6.73	6.84	6.73	7.17	7.44	6.45	7.29	7.37	7.28	6.60	7.01	5.9	6.68	6.67	6.72	6.79	6.94	6.37	6.9	6.9	6.83	6.92	7.21	6.16	7.06	7.16	7	6.84	7.06	6.29	6.96	7.03	6.86	6.88	7.15	6.13	6.96	7.16	7.01	6.84	6.98	5.96	7.08	7.24	6.92	6.64	7.15	5.65	6.75	6.95	6.71	6.47	6.85	5.96	6.6	6.56	6.37	6.1	6.51	5.47	6.23	6.28	6.03
지역소분류	마포구	6.3	6.32	4.94	6.69	7.09	6.5	6.34	6.46	5.01	6.75	7.09	6.38	6.33	6.39	4.9	6.8	6.91	6.65	6.34	6.48	4.85	6.73	7.04	6.6	6.67	6.96	5.65	6.91	7.09	6.74	6.4	7.23	5.31	6.55	6.62	6.29	6.5	6.79	5.48	6.83	6.85	6.55	6.52	6.67	5.62	6.79	6.94	6.56	6.21	6.55	4.76	6.55	6.74	6.42	6.83	7.03	6.2	6.92	7.08	6.9	6.82	7.15	6.07	6.99	6.94	6.95	7.08	7.31	6.37	7.24	7.34	7.14	7	7.07	6.4	7.16	7.24	7.14	7.01	7.23	6.38	7.11	7.24	7.08	7.03	7.07	6.46	7.17	7.33	7.13	6.95	7.41	6.38	7	7.12	6.82	7.09	7.48	6.79	7.07	7.11	6.99	6.56	7.09	6.15	6.61	6.62	6.35	6.29	6.72	5.79	6.38	6.44	6.12
지역소분류	양천구	6.5	6.41	5.24	6.89	7.27	6.67	6.33	6.35	4.93	6.84	7.07	6.47	6.43	6.59	5.1	6.86	7.05	6.53	6.55	6.68	5.8	6.73	6.97	6.59	6.09	6.54	5.02	6.36	6.45	6.07	6.38	6.56	5.46	6.56	6.8	6.51	6.85	7.09	6.03	6.99	7.15	6.98	6.46	6.82	5.86	6.5	6.64	6.51	6.83	7.07	6.02	6.91	7.09	7.04	6.96	7.32	6.41	6.97	7.14	6.99	7.00	7.12	6.37	7.13	7.24	7.14	7.01	7.13	6.61	7.02	7.12	7.15	7.01	7.3	6.25	7.2	7.23	7.09	6.96	7.29	6.3	7.06	7.19	6.97	7.04	7.03	6.68	7.22	7.2	7.08	7.07	7	6.93	7.29	7.14	6.98	6.93	7.06	6.75	6.97	7.06	6.79	6.63	6.96	6.16	6.75	6.8	6.5	6.03	6.39	5.42	6.12	6.31	5.93
지역소분류	강서구	6.39	6.27	5.01	6.85	7.25	6.55	6.22	6.37	4.7	6.71	7.02	6.32	6.24	6.34	4.59	6.84	7.08	6.34	6.02	6.26	4.35	6.54	6.77	6.16	6.64	6.97	5.53	6.97	7	6.71	6.3	6.8	5	6.6	6.74	6.38	6.44	6.79	5.24	6.81	6.83	6.55	6.28	6.36	5.31	6.57	6.76	6.38	6.03	6.38	4.69	6.33	6.64	6.12	7.1	7.3	6.68	7.14	7.22	7.17	6.76	6.94	6.02	6.94	7.07	6.84	6.62	6.79	5.84	6.78	7.03	6.66	7.19	7.56	6.55	7.29	7.29	7.26	6.95	7.14	6.21	7.16	7.2	7.07	6.89	7.19	6.28	6.95	7.07	6.97	6.64	7.06	5.89	6.79	6.77	6.68	6.72	7.25	6.14	6.74	6.78	6.68	6.31	6.81	5.64	6.48	6.4	6.22	6.13	6.52	5.5	6.24	6.38	6.03
지역소분류	구로구	6.09	6.12	4.68	6.57	6.79	6.28	6.48	6.55	5.25	6.9	7.11	6.54	6.22	6.54	4.89	6.64	6.68	6.36	6.51	6.64	5.43	6.84	6.94	6.69	6.47	6.59	5.66	6.7	6.9	6.51	6.74	7.36	5.61	6.85	6.94	6.92	6.85	7.3	6	7.02	7.02	6.88	6.83	7.19	6.06	6.92	7.03	6.94	6.92	7.1	6.66	7.01	6.96	6.88	6.83	7.39	5.81	6.93	7.08	6.94	6.56	6.96	5.91	6.7	6.67	6.58	7.06	7.45	6.5	7.2	7.09	7.07	7.18	7.42	6.47	7.35	7.39	7.27	7.13	7.43	6.42	7.3	7.26	7.23	7.05	7.21	6.3	7.29	7.27	7.19	6.73	6.98	5.56	7.05	7.02	7.02	6.79	7.18	6.08	6.94	6.88	6.87	6.44	6.9	5.91	6.5	6.51	6.36	6.29	6.7	5.63	6.47	6.5	6.14
지역소분류	금천구	6.15	6.23	4.78	6.66	6.85	6.24	6.06	6.26	4.54	6.55	6.79	6.16	5.95	6.24	4.24	6.52	6.69	6.03	6.03	6.29	4.24	6.67	6.7	6.26	6.48	6.72	5.56	6.71	6.83	6.58	6.17	6.76	5.26	6.45	6.46	5.92	6.29	6.95	5.39	6.46	6.65	6	6.53	7.38	5.65	6.54	6.78	6.31	6.85	7.42	6	6.88	7.17	6.76	6.88	7.18	6.11	6.98	7.05	7.07	6.76	7.11	6.12	6.8	6.94	6.81	6.16	6.46	4.98	6.49	6.61	6.27	7.12	7.31	6.5	7.34	7.3	7.18	7	7.1	6.15	7.3	7.26	7.19	7.04	7.25	6.35	7.26	7.21	7.12	7.13	7.73	5.99	7.21	7.51	7.21	7.02	7.43	6.05	7.13	7.3	7.18	6.28	6.78	5.59	6.46	6.37	6.2	6.19	6.55	5.51	6.46	6.4	6.03
지역소분류	영등포구	6.32	6.29	5.07	6.74	7.1	6.35	6.96	6.9	5.55	7.67	7.72	6.97	6.57	6.66	5.39	6.93	7.1	6.72	6.7	7.02	5.65	6.98	7.04	6.82	6.66	6.83	5.7	7	7.07	6.69	6.63	6.92	5.56	6.92	7.06	6.68	6.58	6.77	5.51	6.9	6.89	6.85	6.97	7.23	6.15	7.21	7.13	7.12	6.79	7	6.25	6.92	6.98	6.8	6.65	7.03	6.06	6.84	6.73	6.62	6.74	6.89	6.14	6.77	7.11	6.8	7.27	7.66	6.5	7.43	7.32	7.41	7.06	7.36	6.43	7.16	7.21	7.13	7.01	7.36	6.32	7.16	7.19	7.05	7.11	7.2	6.48	7.29	7.37	7.19	7.12	7.43	6.66	7.23	7.21	7.07	6.68	7.11	6.21	6.71	6.71	6.66	6.76	7.21	6.34	6.8	6.86	6.6	6.33	6.54	5.87	6.45	6.55	6.23
지역소분류	동작구	6.19	6.3	4.8	6.61	6.84	6.4	6.2	6.64	4.73	6.51	6.95	6.19	6.08	6.38	4.73	6.53	6.56	6.2	6.33	6.34	5.2	6.71	6.89	6.51	6.68	7.03	5.81	6.92	6.89	6.74	6.83	7.37	5.98	6.89	6.97	6.95	6.22	6.71	5.68	6.25	6.27	6.2	7.05	7.15	6.65	7.14	7.11	7.2	7.06	7.26	6.5	7.17	7.16	7.19	6.81	6.96	6.19	6.99	7.01	6.93	7.23	7.45	6.64	7.43	7.33	7.29	7.18	7.12	6.34	7.48	7.48	7.47	7.25	7.62	6.49	7.4	7.43	7.32	7.17	7.46	6.49	7.29	7.35	7.27	6.62	7	6.22	6.63	6.75	6.52	6.43	6.43	5.57	6.67	6.82	6.67	6.71	7.14	6.2	6.78	6.83	6.62	6.53	6.92	5.96	6.57	6.68	6.5	6.36	6.71	5.85	6.44	6.53	6.29
지역소분류	관악구	6.19	6.15	4.83	6.65	6.92	6.41	6.52	6.7	5.27	6.92	7.05	6.64	6.24	6.52	5.27	6.53	6.53	6.35	6.63	6.72	5.49	7.09	7	6.83	6.31	6.45	5.24	6.7	6.76	6.39	6.24	6.56	5.15	6.54	6.63	6.29	6.39	6.73	5.51	6.6	6.66	6.47	6.93	7.27	6.3	7.07	7	7.01	6.53	7.05	5.65	6.66	6.69	6.61	6.89	7.27	6.05	7.04	7.11	6.97	7.09	7.46	6.13	7.23	7.27	7.36	6.79	7.21	6.14	6.87	6.89	6.86	7.13	7.37	6.43	7.27	7.36	7.2	7.3	7.66	6.52	7.47	7.53	7.35	7.1	7.45	6.32	7.24	7.29	7.18	6.82	7.14	5.86	7.06	7.25	6.77	7.14	7.54	6.69	7.18	7.24	7.07	6.54	6.98	5.95	6.69	6.64	6.43	6.23	6.66	5.64	6.35	6.42	6.07
지역소분류	서초구	6.62	6.57	5.59	6.95	7.26	6.74	6.56	6.71	5.25	6.99	7.23	6.65	6.42	6.57	5.35	6.68	6.94	6.52	6.55	6.67	5.62	6.83	7.01	6.6	6.37	6.67	5.28	6.7	6.76	6.43	6.87	7.05	6.28	6.9	7.18	6.96	6.98	7.31	6.5	7.03	7.08	6.98	7.12	7.17	6.47	7.35	7.39	7.22	7.24	7.31	6.8	7.43	7.33	7.33	7.17	7.41	6.28	7.44	7.37	7.35	7.13	7.62	6.24	7.27	7.23	7.31	7.46	7.74	6.53	7.71	7.74	7.61	7.04	7.26	6.36	7.16	7.26	7.15	7.26	7.62	6.6	7.36	7.44	7.29	6.97	7.15	6.37	7.08	7.2	7.05	7.2	7.58	6.32	7.46	7.44	7.18	6.78	7.26	6.19	6.76	7.07	6.6	6.73	7.25	6.31	6.7	6.83	6.58	6.38	6.66	5.88	6.51	6.54	6.32
지역소분류	강남구	6.56	6.53	5.41	6.92	7.25	6.69	6.62	6.68	5.61	6.91	7.11	6.8	6.52	6.74	5.63	6.85	6.83	6.57	6.55	6.79	5.67	6.71	6.89	6.69	6.27	6.51	5.11	6.61	6.73	6.38	6.62	6.93	5.97	6.82	6.8	6.57	6.35	6.52	5.57	6.55	6.73	6.38	6.38	6.76	5.76	6.58	6.48	6.34	6.57	6.97	5.89	6.69	6.69	6.61	7.26	7.45	7.04	7.29	7.26	7.28	7.20	7.51	6.62	7.28	7.29	7.32	7.36	7.76	6.65	7.52	7.61	7.27	7.01	7.2	6.52	7.09	7.19	7.05	7.07	7.34	6.5	7.17	7.23	7.08	7	7.46	6.2	7.04	7.22	7.08	6.91	7.34	6.3	6.95	7.03	6.95	7.01	7.49	6.6	7.13	7.11	6.74	6.73	7.1	6.14	6.83	6.95	6.6	6.53	6.86	5.99	6.65	6.66	6.48
지역소분류	송파구	6.29	6.31	5.17	6.68	7.01	6.31	6.51	6.71	5.04	6.91	7.27	6.65	6.27	6.44	4.96	6.66	6.94	6.35	6.46	6.83	5.26	6.77	6.91	6.52	6.49	6.85	5.43	6.77	6.85	6.55	7.02	7.21	6.35	7.25	7.17	7.14	6.59	6.9	5.81	6.81	6.81	6.61	6.61	7	5.91	6.69	6.75	6.68	6.47	6.7	5.83	6.62	6.73	6.5	7.12	7.45	6.34	7.24	7.38	7.2	7.16	7.5	6.74	7.18	7.24	7.16	6.9	7.09	6.12	7.06	7.14	7.11	6.83	7.03	6.16	6.98	7.07	6.91	7.05	7.16	6.43	7.22	7.28	7.15	7.08	7.22	6.68	7.12	7.2	7.19	6.8	7.3	6.02	6.93	6.98	6.78	6.94	7.49	6.41	6.95	7.1	6.75	6.71	7.26	6.09	6.82	6.9	6.48	6.45	6.81	5.91	6.55	6.55	6.42
지역소분류	강동구	6.4	6.49	4.97	6.96	7.1	6.49	6.4	6.44	5.18	6.82	7.05	6.51	6.36	6.65	5.01	6.75	6.85	6.56	6.81	7.11	6.07	6.96	6.98	6.92	6.58	6.8	5.68	6.84	6.93	6.64	6.48	6.81	5.66	6.68	6.67	6.6	6.84	7.1	6.27	7.01	6.94	6.86	6.81	6.98	6.08	7.08	7	6.93	6.86	7.04	6.19	7.12	6.98	6.98	5.98	6.4	5.01	6.12	6.32	6.04	6.97	7.48	6.26	7.06	7.07	6.99	7.39	7.56	6.92	7.53	7.53	7.4	6.72	6.85	6.12	6.84	6.97	6.84	6.89	7.05	6.36	6.96	7.1	6.96	6.83	7.24	6	6.89	7.09	6.93	7.18	7.32	6.6	7.36	7.46	7.14	6.4	6.65	5.73	6.59	6.65	6.4	6.48	6.85	5.9	6.64	6.58	6.43	6.27	6.6	5.6	6.4	6.42	6
